Given_ID,Presumed_ID
(pear) adelaide,
(pear) anglo,
(pear) anjon,
(pear) anjou,
(pear) assumption,
(pear) b. d. anjou,
(pear) b. de anjou,
(pear) banfee,
(pear) bare basque,
(pear) barltett,
(pear) bartlett,
(pear) bartlett,(pear) bartlett
(pear) be-an-jean,
(pear) beangrau,
(pear) beau ambjean,
(pear) beau ideal,
(pear) beaurre d'anjou,
(pear) beauty,
(pear) beauty flemish,
(pear) bell,
(pear) bell l.,
(pear) bell lucrative,
(pear) bell lucrative,(pear) belle lucrative
(pear) belle et bonne,
(pear) belle lucrative,
(pear) belle lucrative,(pear) belle lucrative
(pear) belle of lancaster,
(pear) belle sue,
(pear) benne clairglaw,
(pear) benson's superfine,
(pear) berewe rose,
(pear) bergamont sylvange,
(pear) beune d'anjire,
(pear) beureayor,
(pear) beurre bass,
(pear) beurre bos,(pear) beurre bosc
(pear) beurre bosc,
(pear) beurre bosc,(pear) buerre bosc
(pear) beurre clairgeau,
(pear) beurre clargeau,
(pear) beurre clarigeau,
(pear) beurre claugean,(pear) beurre clairgeau
(pear) beurre d. tryon,
(pear) beurre d' anjou,
(pear) beurre d'amalis,
(pear) beurre d'anjou,
(pear) beurre d'anjou,(pear) beurre d'anjou
(pear) beurre d'augin,(pear) beurre d'anjou
(pear) beurre de anjou,
(pear) beurre de aryon,
(pear) beurre diel,
(pear) beurre diel,(pear) beurre diel
(pear) beurre dill,
(pear) beurre hardy,
(pear) beurre rose,
(pear) beurre soldat,
(pear) beurre superfine,
(pear) boise,
(pear) bonchreteen fondante,
(pear) bonne d'jersey,
(pear) bonne de jersey,
(pear) bonney de jersey,
(pear) bosc,
(pear) bouey de jersey,
(pear) boussock,
(pear) bran jean,
(pear) brandywine,
(pear) brinkles orange,
(pear) buell,
(pear) buerre arigon,(pear) buerre d'anjou
(pear) buerre charrgean,
(pear) buerre clairgeau,
(pear) buerre d'amanlis,
(pear) buerre d'anjou,
(pear) buerre d'aremburg,
(pear) buerre de anjou,
(pear) buerre hardy,
(pear) buerrer base,
(pear) buffam,
(pear) buffum,
(pear) buffum,(pear) buffum
(pear) burbank,
(pear) burre d'argou,
(pear) burre hardy,
(pear) burred' anjou,
(pear) buru d. anjou,
(pear) california,
(pear) capuamount,
(pear) chelmsford,
(pear) clairgeau,
(pear) clajeris favorite,
(pear) clap's favorite,
(pear) clapp favorite,
(pear) clapp's favorite,
(pear) clapp's favorite,(pear) clapp's favorite
(pear) clapps,
(pear) clapps favorite,
(pear) clapps favorite,(pear) clapp's favorite
(pear) cleaga,
(pear) clerga,
(pear) congress,(pear) souvenir de congress
(pear) corvenere de aneress,
(pear) d'anjou,
(pear) dampe,
(pear) dana's hovey,
(pear) de angean,
(pear) de anjou,
(pear) de anjou,(pear) beurre d'anjou
(pear) de tanga,
(pear) donne bussock,
(pear) dorset,
(pear) doyen white,
(pear) doyenne,
(pear) doyenne bosc,
(pear) doyenne boussock,
(pear) doyenne d'ete,
(pear) doynne bosworth,
(pear) duchess,
(pear) duchess,(pear) duchesse d'angouleme
(pear) duchess angouleme,
(pear) duchess d' angouleme,
(pear) duchess d'anglorinne,
(pear) duchess d'angouleme,
(pear) duchess d'angoulleme,(pear) duchess d'angouleme
(pear) duchess d'augouleme,
(pear) duchess de angouleme,
(pear) duchess de angouline,
(pear) duchess de argouline,
(pear) duchess de beaux,
(pear) duchess de bordeaux,
(pear) duchess dongleme,
(pear) duchess of berdsay,
(pear) duchess of bordeaux,
(pear) duchesse,
(pear) duchesse d'angouleme,
(pear) duchesse de angonleme,
(pear) duchesse de bordeaux,
(pear) dunmore,
(pear) dutchess,
(pear) dutchess de angulene,
(pear) dutchess dwarf,
(pear) easter beune,
(pear) eastern bell,
(pear) eastern belle,
(pear) eastern queen,
(pear) edgecomb favorite,
(pear) edmond's autumn,
(pear) elizabeth,(pear) elizabeth
(pear) favorite,
(pear) flemish beauty,
(pear) flemish beauty,(pear) flemish beauty
(pear) florence,
(pear) frederick clapp,
(pear) fredric clapp,
(pear) french pear,
(pear) fulton,
(pear) fulton,(pear) fulton
(pear) garber,
(pear) georgia,
(pear) glout morceau,
(pear) goodale,
(pear) goodale,(pear) goodale
(pear) goodell,
(pear) grand isle,
(pear) hardy,
(pear) hardy,(pear) beurre hardy
(pear) hobbs favorite,
(pear) honey sweet,
(pear) howell,
(pear) howell,(pear) howell
(pear) howell winter,
(pear) hubbard,
(pear) idaho,
(pear) indian queen,
(pear) indian queen,(pear) indian queen
(pear) julienne,
(pear) keeper,(pear) keiffer
(pear) keiffer,
(pear) keiffer,(pear) keiffer
(pear) kieffer,
(pear) kiffer,
(pear) knowlton,
(pear) koonce,
(pear) kuffer,
(pear) lawrence,
(pear) lawrence,(pear) lawrence
(pear) lawson,
(pear) lewis bon de jersey,
(pear) lincoln,
(pear) louis bonne de jersey,
(pear) louisa,
(pear) louise bon de jersey,
(pear) louise bonne d'jersey,
(pear) louise bonne de jersey,
(pear) louise bonne de jersey,(pear) louise bonne de jersey
(pear) louise bonnie,
(pear) madaline,
(pear) manings elizabeth,
(pear) marguerite,
(pear) maria louise,
(pear) marie louise,
(pear) michigan early harvest,
(pear) morcean,
(pear) mount vernon,
(pear) n e beauty,
(pear) napolean,
(pear) napoleon,(pear) napoleon
(pear) nelly sye,
(pear) nickerson,
(pear) nickerson,(pear) nickerson
(pear) noyes,
(pear) onondaga,
(pear) onondago,
(pear) orandaga,
(pear) orange,
(pear) our favorite,
(pear) packard,
(pear) paradise d'autumn,
(pear) passe colmar,
(pear) pear sye,
(pear) perry's seedling,
(pear) pound,
(pear) pratt,
(pear) president breonard,
(pear) president duma,
(pear) president durward,
(pear) rockland beauty,
(pear) rostiezer,
(pear) rutta,
(pear) rutter,
(pear) seckel,
(pear) seckel,(pear) seckel
(pear) seckle,
(pear) seedling bartlett,
(pear) sekel,
(pear) shekal,
(pear) sheldon,
(pear) sheldon,(pear) sheldon
(pear) shendon,
(pear) sickel,
(pear) sickle,(pear) seckle
(pear) sickle,
(pear) soldat laboreur,
(pear) souvenir de congress,
(pear) souvenir decongress,
(pear) souvenir du congress,
(pear) st. gesilaine,
(pear) st. ghislain,
(pear) st. michael,
(pear) st. michells,
(pear) standard,
(pear) steven jennesel,
(pear) stevens' genessee,
(pear) stubbs seedling,
(pear) sugar,
(pear) summer pear,
(pear) swan's orange,
(pear) sycle,
(pear) telephone,
(pear) tyler,
(pear) tyron,
(pear) tyson,
(pear) unnamed,
(pear) urbanist,
(pear) urbaniste,
(pear) vermont beauty,
(pear) vica,
(pear) vica of wakefield,
(pear) vicar,
(pear) vicar,(pear) vicar of winkfield
(pear) vicar of wakefield,
(pear) vicar of wakefield,(pear) vicar of winkfield
(pear) vicar of winckfield,
(pear) vicar of winkfield,
(pear) victor,
(pear) vura,(pear) vicar of winkfield
(pear) white doyenne,
(pear) wilkin's beauty,
(pear) winter,
(pear) winter bartlett,
(pear) winter bell,
(pear) winter bells,
(pear) winter mills,(pear) winter nelis
(pear) winter nelis,
(pear) winter nellie,
(pear) winter nellis,
(pear) winter niles,
(pear) winter seneca,
(pear) wonder sickel,
(pear) woodbury,
(pear) worden seckel,
abe lincoln,
acme,
adeline,
alexander,alexander
alexander,
alexandria,alexander
alexandria,
allen,
american beauty,
american beauty,american beauty
american blush,
american golden pippin,
american golden russet,bullock
american golden russet,
american pippin,
american russet,
american russet,bullock
american summer pearmain,
araboskoe,arabaskoe
arctic,arctic
arctic,
arctic baldwin,
arkansas beauty,
arkansas black,
arkansas black,arkansas black
arkansas red,arkansas
arkansas red,
aroostook sweeting,
astrachan,
astrachan,red astrachan
auburn sweet,
august greening,
august sweet,
aunt hannah,
aunt hannah,aunt hannah
austin sweet,
autumn strawberry,late strawberry
autumn strawberry,
autumn sweet,
b. c. oxford,black oxford
bailey sweet,bailey sweet
bailey sweet,
bailey's sweet,bailey sweet
bailey's sweet,bailey's sweet
bailey's sweet,
baker sweet,baker sweet
baker sweet,
baker's sweet,
baking sweet,baker sweet
baldwin,baldwin
baldwin,
baldwin canada,
ball pippin,
ball sweet,
ballister,
bally's sweet,
baltimore pippin,
banana,
banana,winter banana
banana apple,
banana russet,banana russet
banana sweet,
banna,
bare limb greening,
barker red,
barkis,
barley sweet,
barmer sweet,banana sweet
barret greening,
barter,baxter
bartlett sweet,
barton pippin,
basin sweet,
basket apple,
basket sweet,
baxter,
baxter,baxter
beane,deane
beateamer,
beauce,
beauty,
beauty kent,
beauty of kent,beauty of kent
beauty of kent,
beauty of kind,beauty of kent
beauty of sweden,
beauty of the west,
beauty of west,
beauty sweet,
bee stings,
beef steak,
beef-steak,
beefsteak,
beehive,
beet apple,
belflower,yellow bellflower
bell apple,
bell flower,
bell flower,yellow bellflower
bell flown,yellow bellflower
bell's early,sops of wine
bell's early,
belle de boskoop,belle de boskoop
belle flower,yellow bellflower
belle flower,
belle n. franklin,
belle's favorite,sops of wine
bellefleur,
belleflower,
belleflower,yellow bellflower
bellefluer,
bellfleur,yellow bellflower
bellflower,yellow bellflower
bellflower,
bells early,sops of wine
bells early,
bells sweet,
belmont,
belmont beauty,
ben dares,ben davis
ben davis,ben davis
ben davis,
benjamin,
benonah,benoni
benoni,benoni
benoni,
benorie,benoni
benorie,
benton,benton red
benton red,benton red
benton red,
betenheines,
bethal,
bethel,bethel
bethel,
beverage,
bicknell,
big ben,
bismark,
bismark,bismark
bitinhammer,
bitter sweet,
bl. b. davis,black ben davis
black,
black,black oxford
black apple,black oxford
black apple,
black baldwin,
black baldwin,black baldwin
black ben,
black ben,black ben davis
black ben davis,black ben davis
black ben davis,
black fall,
black gilflower,
black gilliflower,
black gilly flower,
black knox,
black oxford,black oxford
black oxford,
black oxofrd,
black russet,
black russett,
black sweet,blake sweet
black twig,
black winter,
blake,
blake sweet,
blemans orange,blenheim orange
blenden pippin,blenheim pippin
blk oxford,
blood pippin,
blood sweet,
bloodstone pippin,
bloom,bloom
bloomfield,
bloomfield porter,
bloomfield's long stem sweet,
blue bell,
blue crab,
blue mountain,
blue norman,
blue oxford,black oxford
blue oxford,
blue pairmain,blue pearmain
blue pairmain,
blue paumaid,
blue pear,
blue pear main,blue pearmain
blue pear maine,
blue pearmaide,
blue pearmain,blue pearmain
blue pearmain,
blue pearmain,blue pearman
blue pearmaine,
blue pearmaine,blue pearmain
blue pomane,
bluepearmain,
blush,
blushing beauty,
boardman,
boiken,
booad,
boston apple,
boston red,
boston sweet,
bottle,bottle greening
bottle green,
bottle greening,bottle greening
bottle greening,
box russet,roxbury russet
boyd baldwin,
brackett,
bretegemer,
bretigheimer,
bretymany,
briggs auburn,
briggs auburn,briggs auburn
broadwell,
brooks favorite,
brown sweet,
brown's best,
brunswick pippin,
buck,
buck sweet,
buffalo sweeting,
bullard sweet,
bumpus,
burbank beauty,
c h russet,kavanagh russet
c. red streak,
cab. head russet,
calef,
caleph sweet,
california,
california belleflower,
california pippin,
california sweet,
caliph,
calvert,
calvert,colvert
camper's market,cooper's market
canada,
canada baldwin,canada baldwin
canada baldwin,
canada greening,
canada nonesuch,red canada
canada peach,
canada pearmain,
canada pippin,
canada porter,
canada red,
canada red,canada red
canada reinett,canada reinette
canada reinsten,canada reinette
canada rennet,canada reinette
canada russet,
canada stripe,
canadian baldwin,
canadian greening,new brunswick greening
canadian red,
cananda red,
candy red,
cane pippin,ortley
canes,gano
cape cod,
carleton,
carroll sweet,
cat head,
cat head russett,
cat-head,
cathead,
cathead russet,kavanagh russet
cathead russet,
cathead sweet,
cathead sweeting,
catskill,
cavanaugh,
cayuca red,
cayuga red streak,
cayuga red stripe,twenty ounce
centini,
chamberlain,
champion,
chase apple,
chase jelly crab,
chase's jelly crab,
chenango strakeberry,chenango strawberry
chenango strawberry,
chenango strawberry,chenango strawberry
cherry crab,
chestnut,
chick's red,
children's choice,
china,
christmas sweet,
chute,
cinch greening,
clark,clark
clark sweet,
clark's favorite,
clarke,
clie's beauty,
cluster crab,
clyde beauty,
cobert,
coburn sweet,
codling,
colcord sweet,
cole quince,
cole's quince,
collins,collins
colooct,
color quince,cole's quince
columbus,
colvert,colvert
colvert,
common cathead,
common russet,
common russets,
common sweet,
concord,
congress,congress
connecticut greening,
connecticut king,
connecticut winter sweet,
cony sweet,
cook,cook
cook's sweet,
cooper market,cooper market
cooper's market,coopers market
cooper's market,cooper's market
cooper's market,
coopers market,
corn field apples,
corn sweet,
corner apple,
cornish greening,
cortland,cortland
cortland,
cowel,
craig's pearmain,
cranberry,
cranberry crab,
cranberry pippin,cranberry pippin
cranberry pippin,
crane pippin,ortley
cream yellow,
creased apple,
crimson beauty,
cross orange,
crow sweet,
crown apple,
crystal beauty,
cubfola,
culvert,colvert
culvert,
cummings,
cummings greening,
cummings sweet,cummings sweet
cuthbert,hurlbut
cuthbert,
cuthburt,
daily sweet,
dakota red,
daldenburg,
dano,gano
danver's winter sweet,
danvers,
danvers sweet,danvers winter sweet
danvers sweet,
danvers winter sweet,
danyon,
davis,
dean,deane
dean,
deane,
deceiver,
delaware,
deleware red winter,lawver
delicious,delicious
delicious,
delicious,red delicious
derby pippin,derby pippin
detroit,
dian,
doctor brooks,
dodd,
dollar apple,
dominie,
domino,
double gill flower,
dover favorites,
drap d'or,drap d'or
duchess,
duchess,duchess of oldenberg
duchess,duchess of oldenburg
duchess of columbia,
duchess of odenburg,
duchess of oldenberg,duchess of oldenburg
duchess of oldenberg,duchess of oldenberg
duchess of oldenberg,
duchess of oldenbirg,
duchess of oldenburg,
duchess of oldenburg,duchess of oldenberg
duchess of oldenburg,duchess
duchess of oldenburg,duchess of oldenburg
duchess of oldenburgh,
duchess oldenberg,
duchess oldenburg,
duchess oldensburg,
duchess pearmain,
duchesse de ogdensburg,duchess of oldenburg
dudley,dudley winter
dudley winter,
dudley winter,dudley winter
dudley's winter,
dudley's winter,dudley winter
duke of argola,
dunning,
dutch codlin,
dutch coudle,
dutchess,
dutchess,duchess of oldenberg
dutchess of oldenburg,duchess
dwarf,
dwarf baldwin,
dyer,
"e, russett",
eagle,
early august,
early augusta,
early autumn,
early bell,
early bellflower,
early bloomfield,
early blossom,
early bough,
early favorite,
early harvest,early harvest
early harvest,
early harvey,
early jenneting,
early jennetting,
early joe,early joe
early mcintosh,
early printon,
early roxbury daggett,
early russet,
early russian,
early scarlet,early scarlet
early sour,
early strawberry,early strawberry
early strawberry,
early summer,
early sweet,hightop sweet bough
early sweet,
early sweet bough,
early transparent,
early transparent,yellow transparent
early twin,
early william,
early williams,
early winter,
eaton sweet,
eatsom,
eden beauty,
eight ounce pippin,
eldorado russet,
eleren pippin,
elizabeth,
elkhorn,
emerson,
emperor,
english,
english graft,
english greening,
english oxford,
english russet,english russet
english russet,
english russett,english russet
english russett,
english sweet,ramsdell sweet
esvalt,
eureka red streak,twenty ounce
eve's,
exalder,alexander
excelsior,
excelsior crab,
fairbanks,
fairbanks sweet,
falawater,
fall baldwin,
fall favorite,
fall genetin,
fall geneting,fall jenneting
fall genetting,
fall genitan,
fall genneting,
fall genneting,"fall genneting, fall jeanette"
fall gentian,fall jenneting
fall gentian,
fall gentian,fall jennetting
fall gravenstein,
fall greening,
fall greening,fall harvey
fall harvest,
fall harvey,
fall harvey,fall harvey
fall harvey greening,
fall hubbardston,
fall janet,
fall jannetting,
fall jeanetting,
fall jeaniting,
fall jenettan,
fall jenetting,
fall jenneting,
fall jenneting,fall jenneting
fall jenneting,fall jennetting
fall jennett,
fall jennetting,
fall jenning,
fall orange,
fall orange,fall orange
fall pippin,
fall pippin,fall pippin
fall porter,
fall porter,porter
fall river,
fall russett,
fall spy,fall spy
fall strawberry,late strawberry
fall strawberry,
fall sweet,
fall sweet russet,
fall sweet russett,pumpkin russet
fall sweeting,
fall talman,
fall water,fallawater
falla water,
fallawater,fallawater
fallawater,
fallawater,fallwater
falley water,fallawater
fallow water,
fallowater,
fallsweather,fallawater
fallwater,fallawater
falmouth pippin,
falmouth sweet,
fameuse,fameuse
fameuse,
famous blue,
famouse,
famuese,fameuse
famuse,
farmease,fameuse
farmer's,
farmer's apple,
farmer's beauty,
farmer's reward,
farmeuse,
farnes,
faus apple,
favorite,william's favorite
favorite,
feares,
fesset,
finch tree,
fisher,
fishkill,fishkill
fishkill,fish
fishpiller,fishkill
fitchburg,
flanders,
flanders favorite,
flaxon vixon,
fletcher sweet,fletcher sweet
fletcher sweet,
flushing spitsbergen,
forbes favorite,
forest favorite,
forsett graft,
foundling,
fountain,
franeuse,
franklin,
franklin sweet,franklin sweet
franklin sweet,
franklin sweeting,
franklin sweeting (red),
franklin sweeting (striped),
freemont,
fremont,
french crab,
french dwarf,
french pearmain,
french pippin,
french pomane,
french russet,
french sweet,
frye,
frye apple,frye
fullawater,fallawater
fullman sweet,
g mountain,
gale's pippin,
galveston,
gana,gano
gance,
gance,gano
gang,gano
gano,
gano,gano
gans,gano
garden,
garden apple,
garden beauty,
garden flat,
garden fruit,
garden graft,
garden pippin,
garden rosy,garden royal
garden royal,garden royal
garden royal,
garden spice,
garden sweet,garden sweet
garden sweet,
gardiner sweet,garden sweet
gardner,
gardner sweet,
geenating,fall genneting
gen ex,
gen. grant,general grant crab
genatin,
general grant,
genetian,
genetin,
genetin,fall jennetting
geneton,
genettie,fall jenneting
genettin,
genetting,
geneva pippin,
genitan,
genitin,
geniton,fall jennetting
genneting,fall jenneting
genneting,
gennett,
gennetts,fall jenneting
genniting,
genting,
germaine,
german prince,
german red,
germantown,
ghanvres,
giant beauty,granite beauty
gibson sweet,
gideon,
gideon,gideon
gilden beauty,
gile flower,
gilflower,
gilford sweet,
gill flower,
gillaflower,black gilliflower
gilley flower,
gillflower,
gillieflower,
gilliflower,black gilliflower
gilliflower,
gilly flower,black gilliflower
gillyflower,
girflin apple,
glori mundi,
gloria munch,gloria mundi
gloria mundi,gloria mundi
gloria mundi,gloria mundi (of maine)
gloria mundi,
gloria mundy,
goddard,
goding royal,garden royal
gold ball,golden ball
golden,
golden ball,golden ball
golden ball,
golden beauty,
golden bell,
golden crab,
golden crown,
golden delicious,
golden duchess,
golden flower,
golden greening,
golden harvest,
golden orb,golden ball
golden pearmain,
golden pippin,
golden pippin,golden pippin
golden porter,
golden royal,garden royal
golden royal,
golden russet,
golden russett,
golden russett quince,
golden sweet,
golden transparent,
good minister,minister
goodrich,
gordon russet,
gott apple,
gould's king,
governor,
graden pippin,
grand sachem,
grandmother,grandmother
granit beauty,granite beauty
granite,
granite beauty,granite beauty
granite beauty,
graton pippin,
graveline,
gravenstein,gravenstein
gravenstein,
gravenstine,
graveston,
gray russet,pomme gris
great eastern,gravenstein
green,
green baldwin,
green cooking,
green mountain,
green russet,
green sweet,
greening,
greening,rhode island greening
grey pippin,
grey russet,
grimace,
grime's golden,grimes golden
grime's golden,
grimes,
grimes golden,grimes golden
grimes golden,
grimes golden pippin,grimes golden
grimes' golden,
grimes' golden,grimes golden
guiner golden,
gum golden,
gurnthay,
gurrington,
gushee,gushee
h. nonesuch,
h. top sweet,high top sweet
haar,
haas,haas
haas,
hacked apple,
halbert,
hallowell pippin,
hamilton graft,
hard to beat,
harding,
hardy greening,
hardy sweet,
hardy's winter,
hart's,
hart's red,
hartford,
hartford sweet,
harvard,
harvest,
harvest greenings,fall harvey
harvest queen,
harvest sweet,
harvey,fall harvey
harvey,
harvey apple,
harvey greening,fall harvey
harvey greening,
harvey sweet,
haskell sweet,
hass,
hass,haas
hautboy,
hawley,hawley
hawthawden,
hawthornden,
hay boy,
hayford's sour,
hayford's sweet,hayford sweet
haynes sweet,
head russet,kavanagh russet
henderson sweet,
hendrick's sweet,
henrietta sweet,
herlbert,
herrman's favorite,
hersey greening,
hess,
hibbs,
higgins greening,
high sweet,hightop sweet
high top sweet,
high top sweet,hightop sweet
high top sweet,high top sweet
high top sweeting,
high top sweeting,hightop sweet
high-top sweet,
hightop,
hightop sweet,hightop sweet
hightop sweet,
hightop sweeting,
hilton,
hislop crab,
hobbs' best crab,
holland pippin,
holly,holly or hawley
holly,hawley
holly,
holly,holly
holly water,
holman russet,
holman sweet,tolman sweet
holman's russet,holman's russet
home sweet,
honey,
honey pink,
honey pink,honey pink
honey sweet,cummings sweet
honey sweet,
horther,mother
houdan,
house,
houston,
howe,
hoyt,
hoyt sweet,
hoyt's sweet,
hub. non.,hubbardston nonesuch
hub. nonesuch,hubbardston nonesuch
hub. nonsuch,
hubbard,
hubbard,hubbardston nonesuch
hubbard nonesuch,
hubbard nonesuch,hubbardston nonesuch
hubbardson,
hubbardson nonsuch,
hubbardson's nonsuch,hubbardston
hubbardstein,
hubbardsten,hubbardston
hubbardston,
hubbardston,hubbardston nonesuch
hubbardston none such,
hubbardston nonesuch,hubbardston nonesuch
hubbardston nonesuch,
hubbardston nonsuch,hubbardston
hubbardston nonsuch,
hubbardston nonsuch,hubbardston nonesuch
hubbardston's nonesuch,
hubbardston's nonesuch,hubbardston nonesuch
hubbardstone,hubbardston
hubbardstone,
hubbardstons nonesuch,hubbardston nonesuch
hubertson monarch,
hulbert,
hungarian crab,
hunt russet,
hunt russett,
hunt's red,
hunter,
hurbert,hurlbut
hurlbert,
hurlbert stripe,
hurlburt,hurlbut
hurlburt,
hurlbut,
hurlebut,
huston pippin,
hyslop,
hyslop crab,hyslop crab
hyslop crab,
hyslops crab,hyslop crab
hysop crab,
hyssop crab,hyslop crab
hyssop crab,
imperial,
imperial sweet,
improved ben davis,
improved fameuse,
improved greening,
improved pumpkin sweet,
ingalls,
iron ball,
iron clad greening,
ironstone,
italian russet,italian russet
jabe,
jack sweet,
jackson greening,
jackson sweet,
jacksons best,
jacob sweet,jacob sweet
jacob sweet,
jacob's sweet,
jacobs sweet,jacob sweet
jacobs sweet,
janetting,
janettion,fall jennetting
january russet,
jeanetting,
jeannette,
jeffries,jeffries
jelley flower,
jelliflower,
jelly apple,
jelly crab,
jelly flower,
jenetin,
jennet's red,jewetts red
jennetting,
jenny swett,
jersey,
jersey crab,
jersey greening,
jersey pippin,
jersey sweet,jersey sweet
jersey sweet,
jersey sweeting,
jewett's fine red,
jewett's fine red,jewett's fine red
jewetts,
jilliflower,
jilly flower,black gilliflower
jillyflower,
joe sweet,
johnson russet,
jonathan,
jonathan,jonathan
jonathan sweet,
jordan sweet,
joseph's choice,
joshua sweet,
judy sweet,
jumbo,
juneating,
justin,
kalm hill,killum hill
kaneas red,arkansas red
kavanagh,kavanagh russet
kavanagh graft,kavanagh russet
kavanah russet,
kavanah russett,kavanagh russet
keeper,
kellomell,
kellum hill,kilham hill
kellum hill,killum hill
kennebec,
kennebec greening,
kentuck red,
kenwick codlin,keswick codling
kerwicks codlin,keswick codlin
keswick codling,keswick codlin
killam hill,
killen hill,
killernhill,
killhain hill,
killham hill,kilham hill
killham hill,
killum hill,
kilmhill,
kilmhill,killum hill
kimball,winthrop greening
king,
king,tompkins king
king,king of tompkins county
king,king of tompkins
king,tompkins county king
king david,
king david,king david
king edward,
king of dilliam,
king of franklin co.,
king of thompkins co.,king of tompkins county
king of tompkins,
king of tompkins,king of tompkins county
king of tompkins co.,
king of tompkins county,
king of tompkins county,king of tompkins county
king of tompkins county,tompkins county king
king philip sweet,
king pippin,
king sweet,
king sweeting,
king tompkin,
king tompkins,
king tompkins,king of tompkins county
king tompkins,tompkins county king
king tompkins county,
king william,
kings pocket,
kings pockit,
kingston russet,
knowlton sweet,
knox greening,
konkin red stripe,
la rue,
ladie's sweet,lady sweet
ladies blush,
ladies sweet,
ladies' sweet,lady sweet
ladies' sweet,
ladies' sweet,ladies sweet
ladies' sweeting,
lady apple,
lady crab,
lady elgin crab,
lady haley,
lady suffield,
lady sweet,lady sweet
lake,lake
lake,
lancaster,
langfield,
large yellow bough,bough
large yellow bough,
late astrachan,
late mcintosh,
late pippin,
late strawberry,
late sweet,
late winter,
lawler,
lawrence,st. lawrence
lead apple,
leafless,
leafless greening,
lee,
lemon apple,
lemon sweet,
lester sweet,
limba twig,
limber twig,
limber twig greening,
limber twig russet,golden russet of western new york
limberstring,
limberting,
limbertwig,
limbertwig greening,fall harvey
lincoln,
lincoln pippin,
lincoln pippin,winthrop greening
lincoln sweet,
liscomb,
little nonesuch,
littlefield beauty,
loamice,
long field,
long graft,
long john,
long stem,
long stem sweet,
long stem sweeting,baker sweet
longfellow,
longfield,
longfield,longfield
loring sweet,
lost tally,
lovage,
lovejoy sweet,
luister twig,
lumberting,
lutton beauty,sutton beauty
lymington (striped),
lyscom,lyscom
lyscomb,
m. beauty crab,
m. w. greening,northwest greening
maan,
macintosh,
macintosh red,
mackintosh,
mackintosh greening,mcintosh
mackintosh red,
mackintosh red,mcintosh red
madison strawberry,
magog,
magog red streak,
magog redstreak,magog redstreak
maiden blush,maiden blush
maiden blush,
maiden blush,maiden's blush
maiden-blush,
maiden's blush,maiden blush
maiden's blush,
maiden's blush,maiden's blush
maiden's blush,maidens blush
maidens blush,
maidens blush,maiden's blush
maidens blush,maiden blush
main,
maine,
maine,mann
maine baldwin,
maine beauty,
maine greening,
maine harvest,
maine harvey,
maine northern spy,
maine pippin,
maine standard,
maith stripe,lyscom
male carle,
mallet,
mammoth,
mammoth greening,
mammoth pippin,
mammoth russet,
mammoth sweet,
mammouth pippen,
mammy sweet,
mamoth cathead,
man,mann
manchester strawberry,
mann,mann
mann,
mann apple,mann
mann's,
manning,
manson sweet,
mansons sweet,munson sweet
marblehead,
marde maidens blush,
marengo crab,
marling russet,
marshal,
marston,
martha crab,
martha stripe,lyscom
martha stripe,
martha's crab,
mary's apple,
mason,
mass. greening,
massachusetts porter,
mathews stripe,
mawn,
maxim seedling,
mays apple,
mcclellan,
mcintosh,
mcintosh,mcintosh
mcintosh,mcintosh red
mcintosh red,mcintosh
mcintosh red,
mcintosh red,mcintosh red
mclellan,
meallhy,wealthy
mealy apple,
melden,
mellen sweet,
mellen's favorite,
mellon apple,melon
melon,
merrill,
mexican,
michigan greening,
middling,
miland,milding
mild sour,
milden,milding
mildew,milding
milding,milden
milding,
milding,milding
millwig,milden
milton,
minister,minister
minister,
minnesota,
mocher,
mohawk,
molasses sweet,
monarch,
monmoth pippin,
monmouth,monmouth
monmouth black twig,
monmouth pippin,monmouth
monroe sweet,
monson sweet,
monson's sweet,
monster apple,
monster pippin,
monstoon,
montreal beauty crab,montreal beauty crab
montreal peach,peach of montreal
moody,
moody sweet,
moor's river russet,
moore's seedling,
moore's sweet,
morse early,
morton,
moses wood,
mother,mother
mother,
mother apple,
mother of pearl,
mother sweet,
mountain strawberry,
mountain sweet,
mt. greening,
mt. sweet,
mun's sweet,
munson,
munson early,
munson sweet,munson sweet
munson sweet,
munson's sweet,
munster,
mutton apple,
myrick,
n y stripe,
n. e. greening,
n. g. russet,
n. h. sweet,
n. j. pippin,
n. j. sweet,
n. spy,
n. t. greening,
n. w. greening,
n. y. apple,
n. y. baldwin,
n. y. blush,
n. y. crab,
n. y. geneting,
n. y. greening,
n. y. harvey,
n. y. jinctuer,
n. y. nameless,
n. y. pippin,
n. y. porter,
n. y. russet,
n. y. russett,
n. y. seedling,
n. y. spy,
n. y. stripe,
n. y. sweet,
n. y. sweeting,
naked limb greening,fall harvey
naked limb greening,
nancy,
naples crab,
nason,
nathan spy,northern spy
national ash,
native bellflower,
native greening,
native russet,
native snow,
native sweet,
nature,
nelson,
new brunswick greening,
new gloucester ball,
new jersey pippin,
new york,
new york baldwin,
new york bower,
new york cathead,
new york fall pippin,
new york geneting,
new york greening,
new york nodhead,
new york pippin,
new york pippins,
new york pride,
new york russet,
new york russet,golden russet of western new york
new york stark,
new york stripe,
new york sweet,
newark pippin,
newbury sweet,
newton pippin,
newton pippin,newtown pippin
newton sweet,
newton sweeting,
newtown pippin,
newtown pippin,newton pippin
nice,
nickajack,
niggerhead,
nine ounce,
nine ounce,deane
nine oz.,
no name,
no-name sweet,
no. spy,northern spy
no. star,dudley winter
nod head,nodhead
nod head,jewetts red
nod head,
nod head,jewett's fine red
nod-head,
nodheaad,
nodhead,jewett's fine red
nodhead,
nodhead,jewett fine red
nodhead,nodhead
nolon apple,
none other,
none such,
none-so-good,
none-such,
none-such,hubbardston
nonesuch,
nonesuch,hubbardston nonesuch
nonesuch,hubbardston
nonesuch,hubbardston nonesuch or red canada
nonpareil,
nonsuch,
nonsuch,hubbardston nonesuch
norman,
norman sweet,
noroton greening,
north star,
north star,dudley winter
north west greening,
northern,
northern bell,
northern spy,northern spy
northern spy,
northern sweet,
northfield beauty,
northwest greening,northwest greening
northwestern,
northwestern greening,
nowest greening,
noyes,
noyes,noyes
oak,
ocean,
october sweet,
ohio pippin,
old fashioned greening,
old fashioned russet,
old sour apple,
old-fashioned baldwin,
old-fashioned cathead,
oldenburg,
oliver sentinal,
ontario,
opalescent,
orange apple,
orange crab,
orange greening,
orange pearmain,
orange pippin,
orange porter,
orange speck,
orange spick,
orange spy,
orange sweet,orange sweet
orange sweet,
orchard sweet,
oregon sweet,
ounce pippin,
ox-heart,
oxford,black oxford
oxford,
oxford beauty,
oxford russet,
packer,
page,page
page,
pairmain,
palmer,
panelopy,
paradise sweet,
paragon,
parker sweet,
parlin,
parlin,parlin
parson's sweet,
patent baldwin,
patterson sweet,
patty sweet,
pawaka,pewaukee
peabody early,
peabody greening,
peabody's sweet,
peach,
peach apple,
peach apple,peach of montreal
peach bloom,
peach blossom,
peach blow,
peach sweet,
peach tomato,
peachblow,
peah apple,peach
peanwam,
pear apple,
pear maine sweet,
pear russet,
pearl,
pearmain,blue pearmain
pearmain,blue pearmain
pearmains,blue pearmain
peawakee,
peawalkie,
peawaukee,pewaukee
peawaukee,
peck,
peck's,
peck's favorite,
peck's pleasant,peck pleasant
peck's pleasant,
peck's pleasant,peck's pleasant
peck's pleasure,
peckard baldwin,
pecks pleasant,
peerless,
peewankee,pewaukee
peewanskee,pewaukee
peewaukee,
peewaukee,pewaukee
peewaukie,pewaukee
peewuakee,
pefect,
peleg,
pelham sweet,
penankee,pewaukee
peneaukee,pewaukee
pennock,
pennsylvania red,
perfect,
perfect,perfect
perkins sweet,
perry's russet,
persian crab,
peter,
peter pan,
peters apple,
petofsky,
peure gusi,pomme gris
pewaka,
pewakee,
pewakee,pewaukee
pewankee,pewaukee
pewauke,
pewaukee,pewaukee
pewaukee,
pewaukie,
pewawkee,pewaukee
phil. stripe,
phila broad,pennock
phila. pearmain,
philadelphia broad,pennock
philadelphia pippin,
philadelphia pippin,fall pippin
phoenix,
phonix,
pie apple,
pie apple gravenstein,
pignose,
pike sweet,
pin ball,
pinball sweet,
pine grove sweeting,
pink cheek,
pinnate,
pipin,
pippin,
pippin,fall pippin
pippins,
pittsfield,
plain jennette,
plain russet,
plum crab,
points,
pomagree,pomme gris
pome royal,
pomegris,pomme gris
pomeroy,
pomme gess,
pomme gris,
pommie gris,
ponard sweet,
pond sweeting,
ponds sweet,
porter,porter
porter,
porter apple,
porter sweet,
portsmouth sweet,
potter sweet,
potter's sweet,leicester sweet
poughkeepsie,
poughkeepsie russet,
pound,gloria mundi
pound,
pound apple,
pound apple,gloria mundi
pound pippin,
pound royal,
pound russet,
pound sweet,lyman's pumpkin sweet
pound sweet,pound sweet
pound sweet,
pound sweeting,lyman's pumpkin sweet
pound sweeting,pound sweet
pound sweeting,
pr. l. greening,
pratt's special,
president,president
president,
pretainger,
pride of maine,
pride of the orchard,
primate,primate
primate,
prime,
prince of the kitchen,
prince rupert,
princess,
prolific,
prolific sweet,
prospect greening,fall harvey
prospect greening,
providence baldwin,
province baldwin,
prywate,
pumpkin,pumpkin russet
pumpkin sour,
pumpkin sweet,pumpkin russet
pumpkin sweet,
pumpkin sweeting,
puppy noses,
purple blush crab,
purple crab,
purple winter,
putnam russet,
quaker beauty,
quebec sweet,quebec sweet
quebec sweet,
quebec sweet,quebec winter sweet
quebec winter sweet,
queen,
queen ann,
queen delight,
queen sweet,
queen sweeting,
queen's choice,
queen's pocket,
queening,
queens choice,
queens' pocket piece,
quince,
quince,cole's quince
quince apple,
quince sweet,
quince sweeting,
quinine sweet,
r i greening,rhode island greening
r i greening,
r s pippin,
r. i greening,
r. i greening,rhode island greening
"r. i, sweet",
r. i. gravenstein,rhode island greening
r. i. greening,rhode island greening
r. i. greening,
r. i. pippin,
r. i. russet,perry russet
r. i. russet,
r. i. sweet,
r. i. sweeting,
rainbow,rambo
rainbow,
raleigh,
ram's horns,
ramba,rambo
rambo,rambo
rambo,
rambough,
ramdell's sweet,
ramsdell sweet,
randall sweet,
ransacking,
ransom,
ransom sweet,
raspberry russet,
rattle box,
rauber,
rauls gennett,
rave ripe,
rawler's jenet,
re par main,
rebson pippin,ribston pippin
red and black,
red and yellow harvey,
red astracan,
red astrachan,red astrachan
red astrachan,
red astrakan,
red baldwin,
red beatdoin,
red beauty,
red beitgheimer,
red beitigheimer,
red bellflower,
red bertshesheimer,
red betenhimer,
red beterheimer,
red biddemere,
red bitzheimer,
red breligheimer,
red brittenhanna,
red canada,
red canada,canada red
red check greening,
red cheek,
red crab,
red delicious,
red detroit,detroit red
red dutch,
red everlasting,
red flamingo,
red gold,
red granada,red canada
red gravenstein,
red harvey,
red jewet,nodhead
red june,
red mcintosh,
red pearmain,
red pearmaine,
red pippin,
red porter,
red providence maine,
red pumpkin,
red reitingheimer,
red rome,
red russet,
red russet,red russet
red sanad,red canada
red shropshrivine,
red siberian crab,
red spy,
red stark,
red stone pippin,
red streak,twenty ounce
red stripe,
red sweet,
red transparent crab,
red unknown,
red william,
red williams,williams favorite
red winter,
red winter sweet,
red-streak,
redstone pippin,
regulus,
remsfield,
revarkin,
rewarikee,
rex regent,roxbury russet
rhoda sweet,
rhode island greening,rhode island greening
rhode island greening,
rhode island greenings,
rhode island quincy,
rhode island russet,
rhode island sweet,
ribbston,
ribbston pippin,ribston pippin
ribston,
ribston pippin,ribston pippin
ribston pippin,
ribstone pippin,ribston pippin
ribstone pippin,
ridge beauty,
rings sweet,
ripley sweet,
ripston pippin,
rising sun,
river,river
river,
riverside pippin,
riverstone,
robinson graft,
rochester baldwin,
rock baldwin,
rock russet,roxbury russet
rock sweet,rock sweet
rock sweet,
rockingham stripe,
rockwood,
rolf,rolfe
rolfe,rolfe
rolfe,
rolph,
rombeau,
rombo,
rome beauty,
rome beauty,rome beauty
romeo,
romna,
rose of standish,
rose of stomstead,
ross,
rough and ready,
roughskin,
round sweet,pound sweet
rowle's janet,
rox russet,
rox. russet,
roxbury,
roxbury greening,
roxbury ruperts,
roxbury russet,roxbury russet
roxbury russet,
roxbury russet,twenty ounce
roxbury russett,
roxbury russett,roxbury russet
roxbury sweet,
roxby russett,
royal pearmain,
royal red,
royal sweet,
royal table,
rubicon,
ruby red,
rush,
rusill,
russell,
russet,
russet (green),
russet baldwin,
russet golden,
russet permaine,
russet sweet,
russett,
russett pairmain,
russett sweet,
russian,
russian crab,
russian favorite,
russian iron-clad no. 4,
russian no. 27 m.,
russian red,
russian sweet,
salem russett,
salome,salome
salome,
sapson,
sarah,sarah
sarah,
sassafras sweet,
savage,
savoy,
sawyer sweet,
scarlet crab,
scarlet pearmain,
schoolhouse,
scotch sweet,
scotch winter,
scotch winter,scott's winter
scott winter,
scott's favorite,
scott's winter,scott winter
scott's winter,
seaver,
seek,
seek no farther,
seek no further,
seek no further,westfield
seek no further,westfield seek no further
seek-no-farther,westfield seek no farther
seek-no-farther,
seek-no-further,westfield seek-no-further
seek-no-further,
seek-no-further,westfield
seekonk,
seeks,
selkirk,
senator,
senator,oliver/senator
sengrianna,
september sweet,
seventy ounce,
shapleigh apple,
sheepnose,
sheeps nose,
sherwood favorite,
sherwood's favorite,chenango strawberry
sherwood's favorite,
shiawassee beauty,
shiewassia beauty,
shropshirevine,
siberian august,
siberian crab,
siberian russet,
sibicum,
silver crest,
simpson,
slactory victory,
sledge sweeting,
slinton,
smith cider,smith cider
smith sweet,
smith's cider,
smith's fameuse seedling,
smith's favorite,
smith's sweet,
smoke house,smokehouse
smyth's cider,
snow,
snow,fameuse
snow apple,
snow apple,fameuse
snow ball,
snow flake,
snowball,
snowfield,
snowflake,
soamid,
solcen bell,golden ball
somersert,
somerset,somerset
somerset,
somerset beauty,
something,
sops of wine,
sops of wine,sops of wine
sops-of-wine,
sopsavine,
sorrett,russett
sour bough,champlain
sour crab,
sour russett,
southern darkey,arkansas black
spaulding,
spec pheasant,peck's pleasant
spice,
spice,spice sweet
spice apple,
spice russet,
spice sweet,
spice sweeting,
spicy quince,
spicy red,
spitz bergen,
spitzberg,
spitzbergen,esopus spitzenburg
spitzbergen,
spitzenberg,esopus spitzenberg
spitzenberg,
spitzenberg,esopus spitzenburg
spitzenberg pearmain,
spitzenburg,esopus spitzenberg
spitzenburg,
spitzenburg,esopus spitzenburg
spitzenbury,
sponce russet,sponge russet
sponge russet,
sponge russet,sponge russet
sponge russett,
sponge sweet,
spring russett,
spring sweet,
spur sweet,
spy,
spy,northern spy
st. johnsbury sweet,
st. lawarence,
st. lawrence,st. lawrence
st. lawrence,
stanchfield's best,
star,
star porter,
stark,
stark,stark
stark delicious,
starke,
starkee,starkey
starkey,
starking,
starks delicious,
stars,stark
state of maine,
stayman winesap,
stayman's wine sap,
staymans winesap,
staymen's winesap,
staymer winesop,
steel red,
steel red,red canada
steele red,
steele's winter red,
sterling sweet,
steymens winesap,
stiles,
stock,
stone,
stone sweet,
stone sweeting,
stork,stark
storks,stark
storm sweet,
stoughton russet,
strawberry,
strawberry apple,
strawberry baldwin,
strawberry porter,
strawberry red,
strawberry sweet,cummings sweet
strawberry sweet,
stray beauty,strawberry
striped,
striped bell's early,
striped bellflower,
striped everlasting,
striped fameuse,
striped graft,
striped harvey,
striped jenetin,
striped martyrs,lyscom
striped pearmain,
striped pippin,
striped russet,
striped slack,
striped strawberry,
striped sweet,
striped winter,
stubb seedling,
stubbs seedling,
stulp,
stump,stump
stump,
stump (of greene),stump (of greene)
sub acid,
sudbury sweet,
sugar sweet,
sultan beauty,
summer apple,
summer graft,
summer greening,
summer porter,
summer queen,
summer rambo,
summer russet,
summer strawberry,early strawberry
summer surprise,
summer sweet,
summer sweet,hightop sweet bough
summer sweet paradise,
summer sweet russet,
summer sweeting,
sunflower,
sunrise,
sunset,
super spitzenburg,
superb sweet,
superb winter sweet,
susan,
sutton,
sutton beauty,
sutton's beauty,sutton
sutton's beauty,sutton beauty
sutton's beauty,
swaar,swaar
swaar,
swan apple,
swansee beauty,
swar,swaar
sware,swaar
sweet,
sweet baldwin,sweet baldwin
sweet baldwin,
sweet bangle,
sweet bough,sweet bough
sweet bough,bough
sweet bough,
sweet bower,
sweet brier,
sweet chester,
sweet chestnut,
sweet crab,
sweet cress,
sweet fall,
sweet gloria mundi,
sweet glory nunde,gloria mundi of maine
sweet golden russet,
sweet greening,sweet greening
sweet greening,
sweet pippin,
sweet porter,
sweet russet,
sweet russet (fall),pumpkin russet
sweet russet (winter),massachusetts sweet russet
sweet russet winter,
sweet russett,
sweet sixteen,
sweet van wyck crab,
sweet wagner,
sweetburg,
sweeting,
swoon,
syracuse beauty,
tallam sweets,
tallman sweet,
tallman sweet,tolman sweet
talman sweet,tolman sweet
talman sweet,
talman sweeting,
talman's sweet,
talmon sweet,
taylor,
terston russet,
tetanakee,tetofsky
tetofsky,
tetofsky,tetofsky
tetophsky,tetofski
tetopskey,
tetopsky,
thatcher,
the stripes,
theabald,
theobold sweet,
thomas sweet,
thompkin king,
thompkins,
thompson,
thompson sweet,
thomson sweet,
three sweet,
tillman sweet,
tippecanoe,
tollman sweet,tolman sweet
tolman,tolman sweet
tolman sweet,
tolman sweet,tolman sweet
tolman sweeting,
tolman's sweet,
tomato,
tomato crab,
tomkin,king of tompkins county
tompkin,
tompkins,
tompkins king,king of tompkins county
tompkins king,
tompkins kings,
total,
touch me not,
townsend,
transcendant crab,
transcendent,
transcendent crab,transcendent crab
transcendent crab,
transendent,
translucent crab,
transparent,
transparent crab,
trenhausen,
troop favorite,
true's beauty,
tuscarora,
twelve oz.,
twentieth century,
twenty ounce,twenty ounce
twenty ounce,
twenty ounce,twenty ounce pippin
twenty ounce greening,
twenty ounce n. y. pippin,
twenty ounce pippin,
twenty ounce pippin,twenty ounce pippin
twenty ounce pippin,twenty ounce
twenty ounce pippins,
twenty ounce sweet,
twenty oz.,
twenty-ounce,
twenty-ounce,twenty ounce
twenty-ounce stripe,
twentyâ€”ounce,
twig russett,
twigged greening,
twin apple,
two ounce,
uncle thomas,
union,
union greening,
union pippin,union pippin
union pippin,
union russet,union russet
union russet,union pippin
union russet,
vail baker,
van dyke crab,
van wick sweet crab,
vandevere,
vandivere,smokehouse
vaughn,
vermont,
vermont baldwin,
vermont greening,
vermont sweet,
vermont sweeting,
veromi,
victoria,
victuals and drink,
volkie,
vose sweet,
w. greening,
wagence,wagener
wagener,
wagener,wagener
wagner,wagener
wagner,
wagner,wagner
wagner greening,
walbridge,
walbridge,walbridge
waldridge,
walker beauty,
walker sweet,
walker's beauty,
wallbridge,walbridge
wallbridge,
wallflower,
walpole ledgings,
wannofsky,
warren greening,
warren russet,roxbury russet
warren winter,
washington,
washington apple,
washington baldwin,
washington co. strawberry,
washington greening,
washington pippin,
washington red,
washington strawberry,
washington sweet,
water core,
water core apple,
water core sweet,
watermelon,
watertown sweet,
watertown sweets,
wax,
wealthty,
wealthy,wealthy
wealthy,
welch sweeting,
well apple,
wels apple,
western apple,
westfish seek no further,
wheat loaves,
wheatley,wealthy
wheatloaf,
whig,
white,
white apple,
white ash,
white astrachan,
white baldwin,
white beauty,
white crab,
white elephant,
white giant,
white graft,
white juneating,
white loaf,
white pearmain,
white pippin,
white rambo,
white russet,
white sweet,
white winter,
white winter pear main,
white winter sweet,
whitefield,
whitelip,
whittier sweet,
wilding,milden
william,william's favorite
william farmer,
william's early,
william's favorite,william's favorite
william's favorite,
williams,williams favorite
williams,
williams favorite,williams
williams favorite,
williams favorite,williams favorite
williams' favorite,
willow,
willow belflower,yellow bellflower
willow twig,
wilson red june,
win's favorite,william's favorite
winchester greening,winthrop greening
wine,
wine,wine
wine apple,
wine apple,wine
wine of corea,
wine sap,
wine sops,
winesap,
winesap,winesap
winesaps,
winesop,
winn,
winn russet,winn russet
winsap,
winslow proof,
winter astrachan,
winter baldwin,
winter banana,
winter banana,winter banana
winter bell-flower,
winter bellflower,
winter bough,
winter calvert,
winter crab,
winter crop,
winter favorite,
winter genitan,
winter gravenstein,
winter greening,
winter harvey,
winter jennette,
winter jennetting,
winter jeunette,
winter mcintosh,
winter pearmain,
winter pippin,
winter porter,
winter queen,
winter red sweet,
winter russet,
winter russett,
winter strawberry,
winter sweet,
winter sweet,danvers winter sweet
winter sweet russet,
winter sweet russett,
winter sweeting,
winter wagner,
winterport greening,
winthrop favorite,
winthrop greening,winthrop greening
winthrop greening,
winthrop seedling,winthrop greening
wismer's dessert,
wolf,wolf river
wolf river,
wolf river,wolf river
wolfbridge,walbridge
wolfe river,
wolfe river,wolf river
wood sweet,
woodcock,
woodpecker,
worcester apple,
worcester russet,
world's wonder,
worthley,
yarmouth cathead,
yellow,
yellow bell flower,
yellow bell flower,yellow bellflower
yellow bellefleur,
yellow belleflower,yellow bellflower
yellow belleflower,
yellow bellfleur,
yellow bellflower,yellow bellflower
yellow bellflower,
yellow bough,
yellow delicious,
yellow favorite,
yellow flat,
yellow nonesuch,
yellow pearmaine,
yellow porter,
yellow russet,
yellow siberian,
yellow siberian crab,
yellow strawberry,chenango strawberry
yellow sweet,
yellow sweet bough,
yellow transcendent crab,
yellow transparent,yellow transparent
yellow transparent,
yellow transparent crab,
yellow transport,yellow transparent
york greening,
york imp.,
york imperial,
york pippin,
york russet,pumpkin russet
york russet,
york russeting,
york russett,
york sweet,
york sweeting,
zeal apple,
zylphia,