Given_ID,Presumed_ID
pearmain,
porter,porter
(pear) flemish beauty,
baldwin,baldwin
fall pippin,
french russet,
pippin,
red astrachan,red astrachan
golden russet,
sweet russet,
gale's pippin,
jersey sweet,jersey sweet
northern spy,northern spy
r. i. greening,rhode island greening
rochester baldwin,
russian sweet,
sweet baldwin,sweet baldwin
watertown sweets,
(pear) bonne de jersey,
(pear) vicar of wakefield,
black oxford,black oxford
duchess of oldenberg,duchess of oldenburg
fall greening,
fletcher sweet,fletcher sweet
gravenstein,gravenstein
greening,
hubbardston nonsuch,hubbardston
nod head,nodhead
philadelphia pippin,
roxbury russet,roxbury russet
yellow bellflower,yellow bellflower
union pippin,union pippin
alexander,alexander
ben davis,ben davis
blue pearmain,blue pearmain
chenango strakeberry,chenango strawberry
colvert,colvert
famuese,fameuse
forsett graft,
gloria munch,gloria mundi
hart's red,
hilton,
italian russet,italian russet
jeffries,jeffries
martha stripe,lyscom
mcintosh red,mcintosh
moore's sweet,
mother,mother
mountain sweet,
n. y. greening,
n. y. pippin,
newtown pippin,
red bellflower,
red winter,
russet,
sherwood's favorite,chenango strawberry
spice,
spitzbergen,esopus spitzenburg
striped pippin,
summer sweet,
talman sweet,tolman sweet
tompkins king,king of tompkins county
twenty ounce,twenty ounce
union russet,union russet
wagner,wagener
white rambo,
william's favorite,william's favorite
winter greening,
yellow strawberry,chenango strawberry
(pear) buerre de anjou,
(pear) clapps favorite,
benoni,benoni
common russet,
marengo crab,
peck's pleasant,peck pleasant
haas,haas
hard to beat,
newton pippin,
ribston pippin,ribston pippin
strawberry,
(pear) barltett,
barton pippin,
hunt's red,
thompson,
twenty ounce pippin,
(pear) beurre bosc,
(pear) beurre clairgeau,
(pear) beurre hardy,
alexandria,alexander
cathead,
early harvest,early harvest
golden sweet,
minister,minister
stump,stump
swaar,swaar
sweet porter,
wealthy,wealthy
winthrop greening,winthrop greening
(pear) bell lucrative,
(pear) howell,
(pear) louise bonnie,
(pear) seckel,
(pear) sheldon,
bell's early,sops of wine
maiden blush,maiden blush
pewaukee,pewaukee
wagence,wagener
(pear) duchess,
(pear) duchesse d'angouleme,
(pear) orange,
(pear) pratt,
(pear) rockland beauty,
early strawberry,early strawberry
fall geneting,fall jenneting
fall harvey,
munson sweet,munson sweet
oxford,black oxford
pumpkin sweet,pumpkin russet
sweet bough,sweet bough
(pear) michigan early harvest,
fall porter,
somerset,somerset
(pear) brinkles orange,
(pear) lawrence,
hyslop crab,hyslop crab
st. lawrence,st. lawrence
baldwin,
ben davis,
black oxford,
famuse,
gano,
gravenstein,
hubbardston,
king,
northern spy,
st. lawrence,
stark,
tolman sweet,
wealthy,
wolf river,
duchess of oldenburg,
fletcher sweet,
new york pippin,
red astracan,
red beterheimer,
union pippin,
wagener,
william's favorite,
beverage,
alexander,
fall greening,fall harvey
pippin,fall pippin
fall pippin,fall pippin
baking sweet,baker sweet
blue oxford,black oxford
union russet,union pippin
hubbardston,hubbardston nonesuch
rhode island greening,rhode island greening
cathead russet,kavanagh russet
cummings sweet,cummings sweet
head russet,kavanagh russet
imperial sweet,
hurlburt,hurlbut
nod head,jewetts red
twenty ounce pippin,twenty ounce pippin
philadelphia pippin,fall pippin
seek-no-further,westfield seek-no-further
favorite,william's favorite
kimball,winthrop greening
n. y. jinctuer,
spice,spice sweet
warren winter,
pound sweet,lyman's pumpkin sweet
r. i. pippin,
raleigh,
golden greening,
jennet's red,jewetts red
fameuse,fameuse
newtown pippin,newton pippin
fall gentian,fall jenneting
winter sweet,
river,river
vose sweet,
fallawater,fallawater
stark,stark
common russets,
primate,primate
lake,lake
orange sweet,orange sweet
garden royal,garden royal
tippecanoe,
duchess of oldenberg,duchess of oldenberg
potter's sweet,leicester sweet
early joe,early joe
excelsior,
fall spy,fall spy
magog redstreak,magog redstreak
strawberry sweet,cummings sweet
striped bell's early,
wallbridge,walbridge
n. y. geneting,
ohio pippin,
granite beauty,granite beauty
lyscom,lyscom
striped graft,
harvey,fall harvey
golden pippin,
monmouth pippin,monmouth
gano,gano
bethel,bethel
holly,holly or hawley
prolific,
eureka red streak,twenty ounce
spitzenberg,esopus spitzenberg
longfellow,
salome,salome
milding,milden
grimes golden,grimes golden
english russett,english russet
fountain,
improved fameuse,
king sweet,
pearmain,blue pearmain
red streak,twenty ounce
r. i. russet,perry russet
wolf river,wolf river
autumn strawberry,late strawberry
rolfe,rolfe
bailey sweet,bailey sweet
black,
golden royal,garden royal
longfield,
pomegris,pomme gris
pumpkin sweet,
red bertshesheimer,
union greening,
yellow transparent,yellow transparent
c. red streak,
fall sweet,
walker sweet,
fishpiller,fishkill
belmont,
connecticut king,
cooper's market,coopers market
jacob sweet,jacob sweet
benton,benton red
yellow russet,
arctic,arctic
limber twig russet,golden russet of western new york
grey russet,
maine,
newton sweeting,
wolf,wolf river
black ben davis,black ben davis
old fashioned greening,
old fashioned russet,
ripley sweet,
hubbardston nonesuch,hubbardston nonesuch
king,tompkins king
red cheek,
spitzenburg,esopus spitzenberg
summer strawberry,early strawberry
cooper's market,cooper's market
new york geneting,
bailey's sweet,bailey sweet
california pippin,
early sweet,hightop sweet bough
fall strawberry,late strawberry
hardy's winter,
hass,
honey sweet,cummings sweet
maiden's blush,maiden blush
monmouth,monmouth
mountain strawberry,
pound sweet,pound sweet
rambo,rambo
scott's winter,scott winter
sweet bough,bough
tetophsky,tetofski
winthrop seedling,winthrop greening
gideon,
golden harvest,
gushee,gushee
mann,mann
n. y. spy,
newton pippin,newtown pippin
nodhead,jewett's fine red
scott's favorite,
winter pippin,
(pear) vica,
(pear) winter,
american golden pippin,
crane pippin,ortley
fall porter,porter
gilliflower,black gilliflower
goodrich,
grandmother,grandmother
harding,
hawley,hawley
hess,
hightop sweet,hightop sweet
jacobs sweet,jacob sweet
kavanagh graft,kavanagh russet
keswick codling,keswick codlin
pignose,
poughkeepsie russet,
pound,gloria mundi
sour bough,champlain
super spitzenburg,
sweet russet (fall),pumpkin russet
sweet russet (winter),massachusetts sweet russet
williams favorite,williams
winter sweet,danvers winter sweet
american golden russet,bullock
china,
harvey greening,fall harvey
large yellow bough,bough
peewaukie,pewaukee
regulus,
seek-no-farther,westfield seek no farther
sweet greening,sweet greening
yellow favorite,
august sweet,
dean,deane
deleware red winter,lawver
fishkill,fishkill
franklin sweet,franklin sweet
gardiner sweet,garden sweet
green russet,
holly,hawley
middling,
new york fall pippin,
rock sweet,rock sweet
smith cider,smith cider
sutton's beauty,sutton
tomato,
vandivere,smokehouse
winter russet,
carroll sweet,
frye,
golden,
ironstone,
martha's crab,
n. y. russet,
stone,
summer sweet,hightop sweet bough
white elephant,
b. c. oxford,black oxford
belle de boskoop,belle de boskoop
cane pippin,ortley
duchess of oldenburg,duchess of oldenberg
fall sweet russett,pumpkin russet
gennetts,fall jenneting
grey pippin,
lady sweet,lady sweet
new york baldwin,
peach bloom,
rauls gennett,
red sweet,
ribstone pippin,ribston pippin
twig russett,
van wick sweet crab,
winter sweet russett,
bl. b. davis,black ben davis
giant beauty,granite beauty
great eastern,gravenstein
limba twig,
moody sweet,
peure gusi,pomme gris
phoenix,
three sweet,
wels apple,
white baldwin,
fall jenneting,
rattle box,
seek no further,
snow,
maiden-blush,
milding,
pound apple,
rome beauty,
wagner,
winter jennette,
yellow bellflower,
duke of argola,
early strawberry,
fameuse,
gilden beauty,
holly,
lady crab,
manson sweet,
mcintosh red,
pound pippin,
ripston pippin,
russian crab,
scotch winter,
slactory victory,
sweet crab,
york imperial,
arctic,
baxter,
cab. head russet,
flaxon vixon,
haar,
hulbert,
lutton beauty,sutton beauty
none-such,
pewaukie,
russett,
salome,
scott's winter,
wine sap,
twenty ounce,
union,
(pear) bartlett,
american blush,
arkansas black,
blue pearmain,
norman sweet,
prince rupert,
red astrachan,
winter banana,
chenango strawberry,
hubbard,
improved greening,
king of tompkins county,
mann,
peck's pleasant,
pewaukee,
porter,
rhode island greening,
roxbury russet,
spitzenburg,
sunrise,
sweet bough,
tolman's sweet,
dudley winter,
granite,
yellow transparent,
cream yellow,
duchess of oldenbirg,
grimes golden,
hubbard nonesuch,
maiden blush,
nodhead,
orange pippin,
panelopy,
tillman sweet,
willow twig,
yellow,
common sweet,
fallawater,
gilliflower,
orchard sweet,
primate,
banana,
striped sweet,
belflower,yellow bellflower
collins,collins
milding,milding
(pear) bell,
(pear) fulton,
(pear) sickle,(pear) seckle
black russet,
blue pearmain,blue pearman
double gill flower,
golden ball,golden ball
lincoln pippin,
mamoth cathead,
yellow sweet,
(pear) beauty,
(pear) duchess d'angouleme,
bloomfield,
(pear) buell,
(pear) duchess de bordeaux,
(pear) vicar of wakefield,(pear) vicar of winkfield
gloria mundi,gloria mundi
red canada,
ribston pippin,
liscomb,
nonpareil,
scarlet pearmain,
gould's king,
stump,
(pear) beurre d' anjou,
maidens blush,
rolfe,
yellow flat,
pound sweet,
sponge russet,
jewett's fine red,
(pear) sheldon,(pear) sheldon
sweet baldwin,
winthrop greening,
(pear) belle lucrative,
(pear) beurre bos,(pear) beurre bosc
(pear) beurre diel,
beauty of kent,beauty of kent
benton red,benton red
killam hill,
kings pockit,
washington co. strawberry,
(pear) bosc,
seek no farther,
blenden pippin,blenheim pippin
cubfola,
cuthbert,hurlbut
duchess of oldenburg,duchess
dunning,
early bloomfield,
fall baldwin,
fall orange,
garden flat,
haskell sweet,
jersey sweet,
jillyflower,
lady apple,
minister,
mother apple,
mun's sweet,
munson,
new york russet,
new york sweet,
nine ounce,
nonsuch,
peah apple,peach
peck's pleasure,
putnam russet,
ransom sweet,
sops of wine,
spitzenberg,
spitzenberg pearmain,
starke,
sweet greening,
sweet wagner,
taylor,
tetofsky,
william farmer,
winter baldwin,
gilly flower,black gilliflower
banana,winter banana
bailey sweet,
sutton beauty,
staymer winesop,
delicious,delicious
opalescent,
king david,
winesap,
(pear) kieffer,
cortland,cortland
jonathan,
red gravenstein,
starking,
yellow delicious,
twenty-ounce,
king tompkins,
palmer,
pratt's special,
roxbury russett,
russian red,
talman sweet,
corn sweet,
home sweet,
n. g. russet,
twentieth century,
(pear) clapp's favorite,
bismark,
jersey,
spitzbergen,
seek,
garden royal,
autumn strawberry,
calvert,
cathead russet,
golden ball,
hurlburt,
russian,
tallman sweet,
deane,
jelly flower,
mother,
n. y. russett,
nonesuch,
benton red,
concord,
coopers market,
duchess,
early harvest,
high top sweet,
mexican,
munson early,
munson sweet,
tetopskey,
jacob sweet,
kilmhill,
monarch,
bethal,
cat head russett,
dakota red,
fallow water,
nod head,
orange sweet,
pecks pleasant,
tompkins king,
beauty of kind,beauty of kent
bellflower,yellow bellflower
galveston,
greening,rhode island greening
king,king of tompkins county
limbertwig greening,fall harvey
quebec sweet,quebec sweet
tolman sweet,tolman sweet
duchess,duchess of oldenberg
dudley,dudley winter
fall water,fallawater
garden sweet,garden sweet
snow,fameuse
winesap,winesap
winter banana,winter banana
alexandria,
mcintosh,
red everlasting,
belle's favorite,sops of wine
blue pairmain,blue pearmain
canadian greening,new brunswick greening
fall favorite,
hubbardstone,hubbardston
king tompkins,king of tompkins county
peawaukee,pewaukee
president,president
providence baldwin,
red providence maine,
naked limb greening,fall harvey
r i greening,rhode island greening
prospect greening,fall harvey
canada rennet,canada reinette
lemon sweet,
red pearmain,
canada russet,
king pippin,
bellflower,
hartford sweet,
lost tally,
wallbridge,
canada red,
cat head,
finch tree,
maith stripe,lyscom
martha crab,
pewakee,
yellow transparent crab,
red bitzheimer,
(pear) sickle,
hubbardstone,
new york,
northern,
nodhead,jewett fine red
buffalo sweeting,
fall gravenstein,
genitin,
harvest,
peach blow,
pie apple gravenstein,
queen's pocket,
red stone pippin,
sweet bower,
winter gravenstein,
bell flown,yellow bellflower
canada reinett,canada reinette
dutchess of oldenburg,duchess
ladies blush,
michigan greening,
roxbury russett,roxbury russet
winter sweeting,
winterport greening,
canada red,canada red
naked limb greening,
tallman sweet,tolman sweet
yellow belleflower,yellow bellflower
bells early,sops of wine
jenetin,
hyslops crab,hyslop crab
king of thompkins co.,king of tompkins county
montreal beauty crab,montreal beauty crab
page,page
pound apple,gloria mundi
striped jenetin,
transcendent crab,transcendent crab
canada reinsten,canada reinette
eagle,
hoyt's sweet,
hubbardson's nonsuch,hubbardston
mammouth pippen,
mohawk,
english russet,english russet
winter porter,
beauty of kent,
new york greening,
province baldwin,
bloodstone pippin,
duchess of oldenburgh,
hubertson monarch,
king tompkins county,
n. e. greening,
transparent crab,
c h russet,kavanagh russet
cross orange,
martha stripe,
romeo,
bell's early,
blue norman,
limber twig,
rombo,
summer russet,
walbridge,
wine,
orange greening,
cat-head,
henderson sweet,
northwestern greening,
pink cheek,
seek-no-further,
water core apple,
ghanvres,
noroton greening,
pear russet,
peters apple,
the stripes,
york greening,
early transparent,
princess,
striped,
sweet cress,
(pear) clapp favorite,
(pear) eastern belle,
(pear) keiffer,
ball sweet,
benoni,
blood pippin,
blood sweet,
early sweet,
fall genitan,
fall strawberry,
garden sweet,
haas,
hightop sweet,
honey sweet,
hubbardstein,
jelly crab,
king of tompkins,
molasses sweet,
president,
quince sweet,
siberian crab,
snow ball,
star,
storm sweet,
transcendent crab,
white winter pear main,
williams favorite,
winter calvert,
winter jennetting,
aunt hannah,
bells early,
bells sweet,
cherry crab,
colvert,
fall talman,
jennetting,
ladies sweet,
mother sweet,
petofsky,
sour russett,
yellow sweet bough,
(pear) hubbard,
bretigheimer,
dutch codlin,
perry's russet,
summer greening,
vermont greening,
white,
domino,
early twin,
gurrington,
justin,
spicy quince,
sweet van wyck crab,
chase jelly crab,
cook,cook
early jennetting,
jersey sweeting,
maan,
n. h. sweet,
none such,
oak,
pound royal,
rambo,
red siberian crab,
stone sweeting,
stulp,
white sweet,
worthley,
yellow transcendent crab,
green sweet,
round sweet,pound sweet
yellow porter,
g mountain,
beauty,
delicious,
duchess of columbia,
fallsweather,fallawater
gana,gano
minnesota,
quebec sweet,
senator,
hungarian crab,
staymen's winesap,
(pear) lincoln,
black twig,
fall genetin,
hurlebut,
limbertwig,
eight ounce pippin,
maine harvey,
peewaukee,
winter strawberry,
(pear) telephone,
blushing beauty,
elkhorn,
english greening,
german prince,
hyslop,
meallhy,wealthy
nathan spy,northern spy
pawaka,pewaukee
sweet russet winter,
manning,
leafless,
red jewet,nodhead
white beauty,
snowfield,
franklin sweet,
lumberting,
red winter sweet,
sweet,
(pear) duchesse de angonleme,
arkansas beauty,
blush,
early bell,
native snow,
peter,
red june,
cape cod,
transparent,
world's wonder,
rainbow,rambo
bretegemer,
quebec winter sweet,
cranberry crab,
green cooking,
mawn,
stock,
william's early,
(pear) marguerite,
early william,
mutton apple,
early summer,
luister twig,
astrachan,
crimson beauty,
quinine sweet,
summer apple,
winslow proof,
(pear) clerga,
barkis,
belmont beauty,
bretymany,
limberting,
north star,
rising sun,
black baldwin,
peerless,
pretainger,
"r. i, sweet",
royal red,
paragon,
limberstring,
quince,
ruby red,
(pear) cleaga,
eden beauty,
hyslop crab,
lawler,
siberian russet,
somerset,
white apple,
green mountain,
jacobs sweet,
limber twig greening,
black ben davis,
hendrick's sweet,
mann's,
winsap,
lincoln,
vermont,
green,
ox-heart,
prospect greening,
stars,stark
n. y. baldwin,
ribbston,
beefsteak,
bell flower,
winter favorite,
high top sweeting,
hubbardston nonesuch,
genitan,
mammoth russet,
wine apple,
codling,
early bellflower,
golden crown,
maiden's blush,
winter astrachan,
niggerhead,
old-fashioned cathead,
red stripe,
summer porter,
fall gentian,
mackintosh red,
maine baldwin,
winter bellflower,
duchess of oldenburg,duchess of oldenburg
king of tompkins county,king of tompkins county
new york russet,golden russet of western new york
queen,
red pippin,
water core sweet,
black knox,
fall jennetting,
ladies' sweet,lady sweet
r. i. russet,
smoke house,smokehouse
canada baldwin,canada baldwin
calvert,colvert
garden fruit,
garden spice,
red crab,
sutton's beauty,sutton beauty
striped martyrs,lyscom
winter crab,
maidens blush,maiden's blush
red beitigheimer,
chick's red,
winter queen,
pie apple,
striped everlasting,
sweet golden russet,
walker's beauty,
summer rambo,
red william,
r s pippin,
senator,oliver/senator
bailey's sweet,bailey's sweet
vermont baldwin,
mildew,milding
queening,
improved ben davis,
jewetts,
pennock,
r. i. greening,
red russet,
stayman's wine sap,
starkey,
baltimore pippin,
blue pomane,
canada pippin,
flanders,
french pomane,
halbert,
jersey greening,
maine pippin,
tuscarora,
ribstone pippin,
belleflower,
fall harvest,
whitefield,
(pear) beurre d'anjou,
(pear) beurre superfine,
(pear) buffum,
(pear) duchess d'augouleme,
(pear) louise bonne de jersey,
(pear) vicar of winkfield,
(pear) winter nelis,
briggs auburn,
cole's quince,
danver's winter sweet,
hunt russet,
king of tompkins co.,
king sweeting,
large yellow bough,
northern sweet,
(pear) benne clairglaw,
(pear) glout morceau,
(pear) marie louise,
(pear) swan's orange,
moses wood,
(pear) nickerson,
van dyke crab,
(pear) boussock,
(pear) doyenne,
(pear) goodale,
(pear) winter bells,
peach,
cooper's market,
swaar,
(pear) de tanga,
(pear) eastern queen,
(pear) souvenir de congress,
(pear) indian queen,
granite beauty,
dudley's winter,
(pear) idaho,
(pear) koonce,
wolfe river,
monmouth black twig,
johnson russet,
late pippin,
(pear) boise,
(pear) vura,(pear) vicar of winkfield
canada nonesuch,red canada
canada pearmain,
french pearmain,
garden,
joseph's choice,
killen hill,
knox greening,
peckard baldwin,
ribston,
royal sweet,
somerset beauty,
walbridge,walbridge
williams favorite,williams favorite
willow,
culvert,colvert
duchess,duchess of oldenburg
fishkill,fish
goddard,
graden pippin,
herlbert,
peck's,
vermont sweet,
dyer,
garden pippin,
harvey,
lady elgin crab,
mass. greening,
wagener,wagener
munster,
russet sweet,
hysop crab,
rubicon,
striped pearmain,
canada baldwin,
(pear) clap's favorite,
astrachan,red astrachan
aroostook sweeting,
crystal beauty,
lovejoy sweet,
(pear) stubbs seedling,
hubbardson,
dutchess,
simpson,
(pear) beurre de aryon,
(pear) louis bonne de jersey,
(pear) maria louise,
(pear) onondaga,
(pear) sugar,
bethel,
genettin,
merrill,
norman,
noyes,
peachblow,
english russet,
rough and ready,
(pear) st. michael,
hub. nonsuch,
late sweet,
strawberry red,
american russet,
black gilflower,
girflin apple,
hubbardston nonsuch,
peach apple,
russett pairmain,
seekonk,
summer queen,
summer sweet paradise,
talman sweeting,
worcester apple,
hurlbut,
beauty sweet,
english russett,
french pippin,
hightop,
scott winter,
beauce,
fall jenetting,
summer surprise,
cony sweet,
spur sweet,
patty sweet,
rambough,
selkirk,
maine beauty,
general grant,
n. y. seedling,
pairmain,
red check greening,
barter,baxter
stanchfield's best,
whig,
dover favorites,
farmer's reward,
(pear) bartlett,(pear) bartlett
(pear) beurre d'anjou,(pear) beurre d'anjou
(pear) elizabeth,(pear) elizabeth
(pear) napoleon,(pear) napoleon
(pear) seckel,(pear) seckel
(pear) standard,
aunt hannah,aunt hannah
derby pippin,derby pippin
hubbardston nonsuch,hubbardston nonesuch
jonathan sweet,
new york bower,
pelham sweet,
seek-no-further,westfield
stump (of greene),stump (of greene)
yarmouth cathead,
(pear) clapps favorite,(pear) clapp's favorite
(pear) duchess d'angoulleme,(pear) duchess d'angouleme
(pear) flemish beauty,(pear) flemish beauty
(pear) louise bonne de jersey,(pear) louise bonne de jersey
briggs auburn,briggs auburn
garden apple,
gloria mundi,gloria mundi (of maine)
hurbert,hurlbut
nonesuch,hubbardston nonesuch
noyes,noyes
pennsylvania red,
thompson sweet,
(pear) belle lucrative,(pear) belle lucrative
(pear) buffum,(pear) buffum
(pear) goodale,(pear) goodale
(pear) howell,(pear) howell
(pear) lawrence,(pear) lawrence
(pear) winter mills,(pear) winter nelis
(pear) nickerson,(pear) nickerson
fall jenneting,fall jenneting
harvey greening,
mcintosh red,mcintosh red
tetofsky,tetofsky
win's favorite,william's favorite
yellow transport,yellow transparent
blue crab,
candy red,
milden,milding
nine ounce,deane
scotch winter,scott's winter
sterling sweet,
sultan beauty,
hubbard nonesuch,hubbardston nonesuch
tollman sweet,tolman sweet
bellfleur,yellow bellflower
black apple,black oxford
bottle greening,bottle greening
geniton,fall jennetting
red-streak,
syracuse beauty,
twenty-ounce,twenty ounce
ladie's sweet,lady sweet
red beatdoin,
rolf,rolfe
sponce russet,sponge russet
dutchess,duchess of oldenberg
red canada,canada red
russet golden,
blue pearmaide,
fall jeaniting,
california sweet,
hub. non.,hubbardston nonesuch
roxbury russet,twenty ounce
spy,
tompkins,
(pear) d'anjou,
geneton,
redstone pippin,
fall jenneting,fall jennetting
gloria mundi,
maiden blush,maiden's blush
hardy greening,
oxford beauty,
sweet gloria mundi,
fallawater,fallwater
grime's golden,grimes golden
killham hill,kilham hill
nodhead,nodhead
queen delight,
higgins greening,
ball pippin,
carleton,
fall river,
goding royal,garden royal
gold ball,golden ball
peach sweet,
revarkin,
russian favorite,
golden pippin,golden pippin
seventy ounce,
mays apple,
miland,milding
raspberry russet,
red astrakan,
hurlbert,
american beauty,
(pear) congress,(pear) souvenir de congress
no. spy,northern spy
washington red,
washington sweet,
williams,williams favorite
york russet,pumpkin russet
(pear) sekel,
twenty ounce pippins,
hub. nonesuch,hubbardston nonesuch
quince,cole's quince
duchess pearmain,
lester sweet,
new york stripe,
(pear) burre d'argou,
hersey greening,
american summer pearmain,
blk oxford,
hartford,
mason,
king of tompkins,king of tompkins county
fall gentian,fall jennetting
january russet,
morse early,
blue bell,
common cathead,
new york cathead,
salem russett,
striped slack,
hibbs,
kentuck red,
nason,
white graft,
yellow nonesuch,
spring russett,
york russett,
(pear) b. de anjou,
(pear) duchess d' angouleme,
(pear) noyes,
danvers sweet,danvers winter sweet
fall harvey,fall harvey
farnes,
graton pippin,
high top sweet,hightop sweet
holman's russet,holman's russet
honey pink,
janettion,fall jennetting
jilly flower,black gilliflower
lemon apple,
maiden's blush,maiden's blush
moody,
peck's pleasant,peck's pleasant
peleg,
pound sweeting,lyman's pumpkin sweet
queens' pocket piece,
sarah,sarah
sengrianna,
snow apple,
sponge russet,sponge russet
swan apple,
vermont sweeting,
washington pippin,
watermelon,
winter harvey,
red detroit,detroit red
(pear) bell l.,
bellefleur,
caliph,
christmas sweet,
fall jennett,
falla water,
henrietta sweet,
hubbardston none such,
native greening,
new york stark,
plain jennette,
sheeps nose,
w. greening,
white giant,
york sweet,
(pear) duchesse,
eaton sweet,
genetting,
marblehead,
sponge russett,
black apple,
canada porter,
duchess of odenburg,
fall hubbardston,
gillyflower,
tolman sweeting,
king,king of tompkins
hawthornden,
nine oz.,
yellow belleflower,
davis,
emperor,
mammoth,
sweet brier,
color quince,cole's quince
elizabeth,
esvalt,
townsend,
american golden russet,
dian,
manchester strawberry,
vandevere,
(pear) hardy,
crow sweet,
daldenburg,
dodd,
english,
golden crab,
hardy sweet,
holman russet,
jenny swett,
mellen sweet,
monson's sweet,
mother of pearl,
pomme gess,
rings sweet,
river,
sarah,
tetopsky,
twelve oz.,
westfish seek no further,
winter red sweet,
wood sweet,
york russet,
boardman,
sweetburg,
beane,deane
(pear) burbank,
mclellan,
adeline,
fall jenettan,
american russet,bullock
canada greening,
clyde beauty,
harvey sweet,
keeper,
nickajack,
phonix,
pomme gris,
rowle's janet,
spring sweet,
winter crop,
(pear) duchess de angouleme,
cathead sweet,
early harvey,
genetin,
bottle,bottle greening
brackett,
coburn sweet,
peawakee,
spitzenbury,
(pear) howell winter,
bottle greening,
persian crab,
rose of stomstead,
zylphia,
hart's,
pomeroy,
sopsavine,
sutton's beauty,
belle n. franklin,
cole quince,
marde maidens blush,
n. y. nameless,
snowflake,
magog red streak,
rose of standish,
(pear) anjon,
golden russett,
golden beauty,
transcendent,
american pippin,
bailey's sweet,
bumpus,
n. y. harvey,
r. i greening,
striped harvey,
williams,
(pear) seckle,
bicknell,
sware,swaar
king,tompkins county king
maidens blush,maiden blush
spec pheasant,peck's pleasant
crown apple,
fallwater,fallawater
leafless greening,
peanwam,
peewanskee,pewaukee
red unknown,
spitzenburg,esopus spitzenburg
belle flower,yellow bellflower
kalm hill,killum hill
brooks favorite,
king tompkins,tompkins county king
southern darkey,arkansas black
kilmhill,killum hill
wine,wine
bell flower,yellow bellflower
deceiver,
nonesuch,hubbardston
belleflower,yellow bellflower
mackintosh red,mcintosh red
mann apple,mann
pound sweeting,pound sweet
spy,northern spy
falley water,fallawater
high top sweeting,hightop sweet
honey pink,honey pink
jacksons best,
jordan sweet,
kellum hill,kilham hill
n. y. sweet,
queen sweet,
rock sweet,
spice apple,
yellow siberian crab,
fall orange,fall orange
baker sweet,baker sweet
gen. grant,general grant crab
genetin,fall jennetting
kennebec greening,
talmon sweet,
whittier sweet,
pin ball,
twenty ounce greening,
banana russet,banana russet
dudley's winter,dudley winter
union russet,
cranberry pippin,cranberry pippin
oxford,
pride of the orchard,
strawberry porter,
winchester greening,winthrop greening
(pear) de angean,
(pear) dampe,
german red,
york pippin,
barmer sweet,banana sweet
orange apple,
ponds sweet,
(pear) beau ambjean,
bitter sweet,
northern bell,
red biddemere,
banana sweet,
black baldwin,black baldwin
arkansas black,arkansas black
arkansas red,arkansas
daily sweet,
water core,
(pear) de anjou,
lake,
peach blossom,
snowball,
winter mcintosh,
(pear) beangrau,
fall sweet russet,
imperial,
purple blush crab,
stayman winesap,
(pear) bran jean,
(pear) orandaga,
long field,
n. w. greening,
sweet chestnut,
genting,
golden transparent,
ontario,
(pear) florence,
(pear) hobbs favorite,
(pear) our favorite,
(pear) vicar,
cortland,
golden delicious,
hobbs' best crab,
lyscomb,
pinball sweet,
summer sweet russet,
winter sweet russet,
eatsom,
huston pippin,
peter pan,
sugar sweet,
(pear) be-an-jean,
(pear) beurre bass,
(pear) victor,
danyon,
french crab,
star porter,
(pear) clajeris favorite,
big ben,
early mcintosh,
kaneas red,arkansas red
(pear) buerre charrgean,
(pear) buerrer base,
(pear) dutchess de angulene,
red delicious,
(pear) garber,
maine harvest,
late mcintosh,
plain russet,
russet (green),
stark delicious,
iron ball,
oliver sentinal,
bartlett sweet,
boyd baldwin,
killum hill,
marling russet,
seeks,
stubb seedling,
cayuga red streak,
ransom,
autumn sweet,
bell apple,
black russett,
blue pear,
blue pearmaine,
chase apple,
colcord sweet,
corner apple,
creased apple,
cuthburt,
golden russett quince,
hacked apple,
haynes sweet,
juneating,
mathews stripe,
mealy apple,
old sour apple,
porter apple,
red pearmaine,
stone sweet,
strawberry apple,
sweet russett,
bare limb greening,
king of tompkins county,tompkins county king
wine apple,wine
geenating,fall genneting
hass,haas
killhain hill,
n. y. blush,
stubbs seedling,
swar,swaar
excelsior crab,
littlefield beauty,
somersert,
worcester russet,
baxter,baxter
maine,mann
north star,dudley winter
(pear) french pear,
(pear) sickel,
(pear) st. gesilaine,
benjamin,
eldorado russet,
franklin sweeting (red),
franklin sweeting (striped),
frye apple,frye
h. top sweet,high top sweet
kellum hill,killum hill
lymington (striped),
n. y. sweeting,
sibicum,
(pear) winter bell,
yellow pearmaine,
queen sweeting,
r. i. sweeting,
franklin sweeting,
cathead sweeting,
mild sour,
brunswick pippin,
royal pearmain,
n. t. greening,
twenty ounce n. y. pippin,
washington greening,
thompkin king,
north west greening,
jelley flower,
ponard sweet,
duchess oldenburg,
genniting,
wheatloaf,
savoy,
blake,
new gloucester ball,
twentyâ€”ounce,
fallowater,
grime's golden,
lawrence,st. lawrence
golden bell,
graveline,
hubbardston's nonesuch,
st. lawarence,
striped fameuse,
yellow bellfleur,
magog,
cluster crab,
maine greening,
favorite,
strawberry baldwin,
transendent,
holland pippin,
pumpkin,pumpkin russet
seek no further,westfield
garden rosy,garden royal
none-such,hubbardston
(pear) anglo,
(pear) duchess,(pear) duchesse d'angouleme
(pear) duchess angouleme,
(pear) duchesse de bordeaux,
fall jannetting,
gilley flower,
hautboy,
hubbardstons nonesuch,hubbardston nonesuch
hyssop crab,hyslop crab
kerwicks codlin,keswick codlin
maiden's blush,maidens blush
mammoth pippin,
mellon apple,melon
randall sweet,
rauber,
canada stripe,
farmease,fameuse
fullawater,fallawater
gennett,
blue pear main,blue pearmain
eleren pippin,
good minister,minister
holly water,
pewankee,pewaukee
(pear) beurre dill,
basket apple,
mcintosh,mcintosh
(pear) beauty flemish,
tomkin,king of tompkins county
william,william's favorite
white pippin,
nodheaad,
gillflower,
riverstone,
calef,
danvers,
green baldwin,
morton,
ocean,
pipin,
portsmouth sweet,
red baldwin,
seaver,
sudbury sweet,
winn,
bluepearmain,
foundling,
steel red,
wheat loaves,
king tompkin,
(pear) vicar of winckfield,
h. nonesuch,
black gilly flower,
buck,
hamilton graft,
newton sweet,
steele's winter red,
emerson,
(pear) burred' anjou,
(pear) brandywine,
(pear) dana's hovey,
(pear) louise bon de jersey,
(pear) rutta,
(pear) shendon,
(pear) tyson,
baker's sweet,
bloomfield's long stem sweet,
duchess oldenberg,
flushing spitsbergen,
franeuse,
yellow bell flower,
(pear) belle of lancaster,
(pear) beurre clarigeau,
(pear) doyenne boussock,
(pear) goodell,
germantown,
peck,
graveston,
rockingham stripe,
gill flower,
beauty of the west,
early blossom,
nice,
nod-head,
solcen bell,golden ball
spitz bergen,
well apple,
white russet,
(pear) beaurre d'anjou,
(pear) duchess of berdsay,
(pear) winter nellis,
chute,
ingalls,
jabe,
long stem sweet,
yellow bough,
houdan,
wine sops,
black fall,
black winter,
jersey crab,
n. y. crab,
basket sweet,
naples crab,
pine grove sweeting,
stiles,
white pearmain,
beauty of west,
(pear) duchess of bordeaux,
lee,
roxbury sweet,
state of maine,
twenty-ounce stripe,
woodpecker,
(pear) bonney de jersey,
(pear) duchess de angouline,
(pear) st. michells,
clie's beauty,
fall jeanetting,
improved pumpkin sweet,
mocher,
n. y. stripe,
phil. stripe,
ramsdell sweet,
winter bough,
(pear) bouey de jersey,
(pear) duchess de argouline,
(pear) tyron,
baker sweet,
booad,
dutch coudle,
fullman sweet,
jackson sweet,
late strawberry,
marshal,
monstoon,
orange pearmain,
packer,
patterson sweet,
peawaukee,
pittsfield,
r. i. sweet,
riverside pippin,
russet baldwin,
touch me not,
monster pippin,
perfect,
(pear) knowlton,
(pear) packard,
(pear) summer pear,
(pear) winter seneca,
ben dares,ben davis
geneva pippin,
hay boy,
pound,
plum crab,
tompkin,
n y stripe,
phila broad,pennock
r i greening,
purple winter,
snow flake,
sunflower,
canada,
fitchburg,
genettie,fall jenneting
golden flower,
terston russet,
fall russett,
winter russett,
falawater,
peawalkie,
milton,
red gold,
red rome,
arkansas red,
danvers sweet,
munson's sweet,
peewuakee,
philadelphia broad,pennock
red mcintosh,
russett sweet,
staymans winesap,
steel red,red canada
(pear) sycle,
(pear) vermont beauty,
cook's sweet,
golden porter,
nowest greening,
pound russet,
re par main,
steymens winesap,
storks,stark
gilflower,
(pear) anjou,
brown sweet,
fall janet,
farmeuse,
sheepnose,
wilson red june,
cornish greening,
red spy,
welch sweeting,
(pear) belle et bonne,
(pear) bergamont sylvange,
(pear) bonchreteen fondante,
(pear) buerre d'amanlis,
(pear) buerre d'aremburg,
(pear) capuamount,
(pear) dunmore,
(pear) julienne,
(pear) paradise d'autumn,
(pear) pound,
(pear) soldat laboreur,
(pear) urbaniste,
(pear) white doyenne,
beef-steak,
broadwell,
long graft,
quince apple,
shapleigh apple,
(pear) chelmsford,
killham hill,
york russeting,
boston sweet,
(pear) beurre clargeau,
phila. pearmain,
(pear) perry's seedling,
none other,
(pear) louisa,
(pear) napolean,
monster apple,
vail baker,
roxbury greening,
fall jenning,
cobert,
pewaka,
man,mann
wheatley,wealthy
dwarf baldwin,
peck's favorite,
black oxofrd,
forbes favorite,
herrman's favorite,
hislop crab,
purple crab,
honey,
roxby russett,
winesop,
blue pearmaine,blue pearmain
champion,
farmer's,
high sweet,hightop sweet
barret greening,
kingston russet,
warren greening,
black ben,
(pear) eastern bell,
scarlet crab,
mackintosh,
parlin,
summer sweeting,
wealthty,
bee stings,
clark's favorite,
connecticut greening,
fall sweeting,
jeannette,
loamice,
native bellflower,
no-name sweet,
orange porter,
rock baldwin,
soamid,
striped russet,
barley sweet,
farmer's beauty,
germaine,
potter sweet,
sweet pippin,
(pear) kuffer,
bottle green,
french sweet,
rhode island russet,
cummings,
page,
two ounce,
old-fashioned baldwin,
queen ann,
blue pear maine,
belle flower,
fall genetting,
oldenburg,
cavanaugh,
madison strawberry,
n. j. sweet,
rush,
smith's cider,
sunset,
grimace,
mcclellan,
sweeting,
waldridge,
(pear) keiffer,(pear) keiffer
genneting,fall jenneting
mackintosh greening,mcintosh
rock russet,roxbury russet
parlin,parlin
holman sweet,tolman sweet
canes,gano
fall harvey greening,
sorrett,russett
roxbury,
thompkins,
yellow bellefleur,
roughskin,
n. spy,
blue pairmain,
chase's jelly crab,
culvert,
(pear) wonder sickel,
striped strawberry,
(pear) bonne d'jersey,
buck sweet,
bullard sweet,
"e, russett",
harvey apple,
n. j. pippin,
rhode island greenings,
sops-of-wine,
sub acid,
victoria,
white crab,
york sweeting,
long stem sweeting,baker sweet
true's beauty,
twin apple,
white loaf,
california,
duchess of oldenberg,
gurnthay,
moor's river russet,
orange spick,
roxbury ruperts,
sweet sixteen,
wagner greening,
savage,
orange speck,
golden duchess,
winesaps,
(pear) kiffer,
(pear) donne bussock,
acme,
basin sweet,
caleph sweet,
centini,
cranberry pippin,
cuthbert,
dean,
fisher,
houston,
main,
marston,
monson sweet,
no name,
parker sweet,
pound sweeting,
rhoda sweet,
seek-no-farther,
sherwood favorite,
sutton,
loring sweet,
red and black,
(pear) clairgeau,
freemont,
new york pride,
(pear) beurre d. tryon,
(pear) frederick clapp,
lovage,
peabody greening,
puppy noses,
robinson graft,
ross,
thatcher,
winter genitan,
chestnut,
none-so-good,
peneaukee,pewaukee
red granada,red canada
blemans orange,blenheim orange
jonathan,jonathan
bloomfield porter,
transcendant crab,
white winter sweet,
red and yellow harvey,
craig's pearmain,
beauty kent,
grimes,
macintosh,
red stark,
starks delicious,
tallam sweets,
bismark,bismark
black ben,black ben davis
delicious,red delicious
fremont,
genatin,
joshua sweet,
mcintosh,mcintosh red
perfect,perfect
tolman,tolman sweet
wilding,milden
fall genneting,
hubbardson nonsuch,
jilliflower,
newark pippin,
orange crab,
wine of corea,
hawthawden,
detroit,
doctor brooks,
jersey pippin,
maxim seedling,
new jersey pippin,
porter sweet,
sassafras sweet,
scotch sweet,
spice sweet,
pike sweet,
sherwood's favorite,
(pear) edmond's autumn,
farmer's apple,
orange spy,
early williams,
red harvey,
(pear) mount vernon,
grand sachem,
king william,
(pear) doynne bosworth,
(pear) onondago,
early russet,
ransacking,
(pear) belle sue,
golden royal,
(pear) assumption,
(pear) beureayor,
(pear) tyler,
(pear) benson's superfine,
(pear) keeper,(pear) keiffer
bally's sweet,
brown's best,
mansons sweet,munson sweet
(pear) fredric clapp,
abe lincoln,
late astrachan,
quaker beauty,
translucent crab,
(pear) beurre rose,
(pear) n e beauty,
jacob's sweet,
red betenhimer,
york imp.,
betenheines,
paradise sweet,
pome royal,
(pear) president durward,
canada peach,
red brittenhanna,
(pear) president duma,
boiken,
early bough,
faus apple,
joe sweet,
perkins sweet,
something,
starkee,starkey
(pear) president breonard,
camper's market,cooper's market
red transparent crab,
tetanakee,tetofsky
(pear) doyen white,
(pear) duchess de beaux,
(pear) grand isle,
(pear) honey sweet,
(pear) rutter,
(pear) seedling bartlett,
beauty of sweden,
feares,
wolfbridge,walbridge
(pear) madaline,
august greening,
bitinhammer,
falmouth pippin,
hurlbert stripe,
jackson greening,
king edward,
king philip sweet,
queen's choice,
spice russet,
(pear) adelaide,
(pear) lawson,
gibson sweet,
jack sweet,
melon,
mt. sweet,
pefect,
red beitgheimer,
shiawassee beauty,
shropshirevine,
silver crest,
(pear) dutchess dwarf,
beateamer,
black sweet,blake sweet
cayuca red,
dominie,
early transparent,yellow transparent
mt. greening,
red flamingo,
steele red,
swansee beauty,
washington strawberry,
wismer's dessert,
nolon apple,
oregon sweet,
red reitingheimer,
blake sweet,
la rue,
(pear) winter bartlett,
red breligheimer,
nelson,
parson's sweet,
(pear) dorset,
(pear) manings elizabeth,
veromi,
(pear) unnamed,
black,black oxford
grimes golden pippin,grimes golden
patent baldwin,
r. i greening,rhode island greening
wolfe river,wolf river
northwest greening,northwest greening
peewaukee,pewaukee
snow apple,fameuse
(pear) lewis bon de jersey,
(pear) morcean,
(pear) urbanist,
smith's favorite,
spice sweeting,
gott apple,
cananda red,
flanders favorite,
gang,gano
arctic baldwin,
colooct,
famouse,
gravenstine,
fesset,
janetting,
catskill,
kennebec,
ladies' sweet,
national ash,
ounce pippin,
remsfield,
sawyer sweet,
wannofsky,
white ash,
whitelip,
(pear) b. d. anjou,
(pear) burre hardy,
(pear) duchess d'anglorinne,
(pear) louise bonne d'jersey,
beehive,
myrick,
williams' favorite,
cranberry,
danvers winter sweet,
dollar apple,
killernhill,
iron clad greening,
canadian red,
pear maine sweet,
pewauke,
pommie gris,
prince of the kitchen,
rockwood,
shiewassia beauty,
tompkins kings,
bellefluer,
grimes' golden,
native sweet,
mammoth sweet,
ladies' sweeting,
ram's horns,
rhode island sweet,
quince sweeting,
sponge sweet,
washington apple,
harvest queen,
monmoth pippin,
canadian baldwin,
pond sweeting,
(pear) buffam,
garden graft,
ramdell's sweet,
spicy red,
theobold sweet,
washington baldwin,
(pear) clapps,
beet apple,
high-top sweet,
pear apple,
rawler's jenet,
white winter,
(pear) woodbury,
blue mountain,
boston red,
peach tomato,
tomato crab,
sweet chester,
(pear) nelly sye,
(pear) pear sye,
forest favorite,
(pear) winter niles,
rombeau,
mary's apple,
oxford russet,
langfield,
rainbow,
walker beauty,
(pear) california,
(pear) georgia,
jeanetting,
thomas sweet,
gance,
wallflower,
cinch greening,
rolph,
northwestern,
rewarikee,
(pear) edgecomb favorite,
(pear) wilkin's beauty,
hubbardsten,hubbardston
nod head,jewett's fine red
pearmains,blue pearmain
blue oxford,
macintosh red,
(pear) passe colmar,
smith sweet,
(pear) beurre soldat,
fairbanks,
fairbanks sweet,
famous blue,
hoyt sweet,
red pumpkin,
stoughton russet,
winter pearmain,
woodcock,
(pear) vica of wakefield,
corn field apples,
red porter,
rox russet,
theabald,
october sweet,
glori mundi,
sledge sweeting,
(pear) beurre bosc,(pear) buerre bosc
(pear) buerre hardy,
blue paumaid,
(pear) dutchess,
(pear) favorite,
austin sweet,
poughkeepsie,
(pear) doyenne bosc,
(pear) souvenir du congress,
(pear) winter nellie,
beef steak,
columbus,
cowel,
gile flower,
judy sweet,
kellomell,
pumpkin sweeting,
ridge beauty,
schoolhouse,
striped bellflower,
baldwin canada,
governor,
strawberry sweet,
victuals and drink,
(pear) buerre clairgeau,
(pear) corvenere de aneress,
(pear) worden seckel,
rave ripe,
(pear) berewe rose,
(pear) buerre arigon,(pear) buerre d'anjou
(pear) buerre d'anjou,
california belleflower,
delaware,
gordon russet,
jelly apple,
newbury sweet,
thomson sweet,
washington,
(pear) souvenir decongress,
(pear) beurre d'augin,(pear) beurre d'anjou
rex regent,roxbury russet
twenty oz.,
dano,gano
gans,gano
boston apple,
falmouth sweet,
kings pocket,
barker red,
children's choice,
early printon,
lady suffield,
uncle thomas,
early sour,
gillieflower,
hoyt,
summer graft,
english oxford,
black gilliflower,
burbank beauty,
garden beauty,
pr. l. greening,
troop favorite,
twenty ounce sweet,
western apple,
rhode island quincy,
clark sweet,
benorie,benoni
hubbardston's nonesuch,hubbardston nonesuch
jewett's fine red,jewett's fine red
rox. russet,
(pear) buru d. anjou,
(pear) duchess dongleme,
(pear) steven jennesel,
september sweet,
banana apple,
hunt russett,
harvard,
talman's sweet,
cummings greening,
pinnate,
king of franklin co.,
prime,
russell,
red sanad,red canada
winthrop favorite,
mellen's favorite,
sweet bangle,
jelliflower,
sour crab,
gance,gano
ramba,rambo
(pear) beune d'anjire,
early sweet bough,
exalder,alexander
pride of maine,
red dutch,
guiner golden,
early autumn,
maine standard,
rusill,
(pear) bare basque,
(pear) stevens' genessee,
early august,
hallowell pippin,
king of dilliam,
lancaster,
russet permaine,
twigged greening,
auburn sweet,
early augusta,
massachusetts porter,
spitzberg,
benorie,
gardner sweet,
n. y. porter,
(pear) banfee,
(pear) shekal,
maine northern spy,
sweet glory nunde,gloria mundi of maine
horther,mother
stork,stark
prywate,
nature,
new york nodhead,
stray beauty,strawberry
winter wagner,
moore's seedling,
sops of wine,sops of wine
montreal peach,peach of montreal
peabody early,
peach apple,peach of montreal
pomagree,pomme gris
yellow bell flower,yellow bellflower
allen,
drap d'or,drap d'or
early russian,
gideon,gideon
hayford's sweet,hayford sweet
lead apple,
longfield,longfield
mallet,
monroe sweet,
romna,
royal table,
russian iron-clad no. 4,
spaulding,
striped winter,
trenhausen,
bloom,bloom
early scarlet,early scarlet
early winter,
grimes' golden,grimes golden
hayford's sour,
late winter,
nonsuch,hubbardston nonesuch
northfield beauty,
peabody's sweet,
peewankee,pewaukee
points,
russian no. 27 m.,
volkie,
white astrachan,
pearl,
smith's fameuse seedling,
smith's sweet,
ladies' sweet,ladies sweet
new brunswick greening,
araboskoe,arabaskoe
penankee,pewaukee
willow belflower,yellow bellflower
quebec sweet,quebec winter sweet
total,
dudley winter,dudley winter
french dwarf,
kavanagh,kavanagh russet
duchesse de ogdensburg,duchess of oldenburg
high top sweet,high top sweet
lincoln pippin,winthrop greening
nonesuch,hubbardston nonesuch or red canada
(pear) bell lucrative,(pear) belle lucrative
(pear) beurre diel,(pear) beurre diel
(pear) doyenne d'ete,
(pear) fulton,(pear) fulton
(pear) st. ghislain,
clark,clark
connecticut winter sweet,
dwarf,
eve's,
golden orb,golden ball
gray russet,pomme gris
hubbard,hubbardston nonesuch
new york pippins,
pippins,
rebson pippin,ribston pippin
red williams,williams favorite
walpole ledgings,
winter bell-flower,
(pear) beau ideal,
chamberlain,
franklin,
gardner,
gillaflower,black gilliflower
hunter,
little nonesuch,
wagner,wagner
howe,
american beauty,american beauty
cayuga red stripe,twenty ounce
cooper market,cooper market
fall genneting,"fall genneting, fall jeanette"
gilford sweet,
harvest greenings,fall harvey
house,
nancy,
native russet,
pumpkin sour,
red beauty,
siberian august,
smyth's cider,
susan,
winn russet,winn russet
(pear) clapp's favorite,(pear) clapp's favorite
chenango strawberry,chenango strawberry
vaughn,
warren russet,roxbury russet
early jenneting,
long john,
slinton,
(pear) de anjou,(pear) beurre d'anjou
(pear) indian queen,(pear) indian queen
gum golden,
pewakee,pewaukee
seek no further,westfield seek no further
harvest sweet,
n. y. apple,
wax,
kavanah russet,
box russet,roxbury russet
twenty ounce pippin,twenty ounce
congress,congress
english sweet,ramsdell sweet
granit beauty,granite beauty
kavanah russett,kavanagh russet
kenwick codlin,keswick codling
swoon,
(pear) vicar,(pear) vicar of winkfield
queens choice,
english graft,
male carle,
ribbston pippin,ribston pippin
zeal apple,
(pear) beurre d'amalis,
(pear) easter beune,
(pear) rostiezer,
ballister,
early roxbury daggett,
golden pearmain,
hightop sweeting,
lady haley,
lincoln sweet,
long stem,
mammoth greening,
red shropshrivine,
sapson,
superb sweet,
superb winter sweet,
sweet fall,
watertown sweet,
white juneating,
(pear) hardy,(pear) beurre hardy
spitzenberg,esopus spitzenburg
clarke,
duchess oldensburg,
hyssop crab,
jumbo,
winter jeunette,
yellow siberian,
twenty ounce,twenty ounce pippin
prolific sweet,
millwig,milden
mammy sweet,
(pear) beurre claugean,(pear) beurre clairgeau
(pear) beurre de anjou,
m. beauty crab,
st. johnsbury sweet,
r. i. gravenstein,rhode island greening
red russet,red russet
early favorite,
genneting,
knowlton sweet,
benonah,benoni
gen ex,
holly,holly
king david,king david
konkin red stripe,
m. w. greening,northwest greening
no. star,dudley winter
pewawkee,pewaukee
rome beauty,rome beauty
melden,
banna,
genetian,
gloria mundy,
